match_id,Pt,Set1,Set2,Gm1,Gm2,Pts,Gm#,TbSet,TB?,TBpt,Svr,Ret,Serving,1st,2nd,Notes,1stNoLet,2ndNoLet,1stSV,2ndSV,1stNoSV,2ndNoSV,1stIn,2ndIn,isRally1st,isRally2nd,Sv1,Sv2,Rally,isAce,isUnret,isRallyWinner,isForced,isUnforced,isDouble,rallyNoSpec,rallyNoError,rallyNoDirection,rallyLen,PtWinner,isSvrWinner,PtsAfter,GmW,Gm1,Gm2,SetW,Set1,Set2,RevTB,TBrev,rallyCount
20180128-M-Australian_Open-F-Marin_Cilic-Roger_Federer,1,0,0,0,0,0-0,1,1,0,,1,2,MC,4f3n#,,Cilic won the toss and elected to serve. Already he bounces the ball 18 times on the very first point - that quirk of his is rather annoying.,4f3n#,,0,,4f3n#,,1,,1,0,4,,f3n#,0,0,0,1,0,0,f3n,f3,f,1,1,1,15-0,0,0,0,0,0,0,,,1
20180128-M-Australian_Open-F-Marin_Cilic-Roger_Federer,2,0,0,0,0,15-0,1,1,0,,1,2,MC,4s39b3n@,,,4s39b3n@,,0,,4s39b3n@,,1,,1,0,4,,s39b3n@,0,0,0,0,1,0,s39b3n,s39b3,sb,2,2,0,15-15,0,0,0,0,0,0,,,2
20180128-M-Australian_Open-F-Marin_Cilic-Roger_Federer,3,0,0,0,0,15-15,1,1,0,,1,2,MC,6b2n#,,,6b2n#,,0,,6b2n#,,1,,1,0,6,,b2n#,0,0,0,1,0,0,b2n,b2,b,1,1,1,30-15,0,0,0,0,0,0,,,1
20180128-M-Australian_Open-F-Marin_Cilic-Roger_Federer,4,0,0,0,0,30-15,1,1,0,,1,2,MC,6w,4b28b2d@,Federer's return isn't deep enough to force the error but its pace throws Cilic off anyway.,6w,4b28b2d@,0,0,6w,4b28b2d@,0,1,0,1,6w,4,b28b2d@,0,0,0,0,1,0,b28b2d,b28b2,bb,2,2,0,30-30,0,0,0,0,0,0,,,2
20180128-M-Australian_Open-F-Marin_Cilic-Roger_Federer,5,0,0,0,0,30-30,1,1,0,,1,2,MC,6d,6b18*,,6d,6b18*,0,0,6d,6b18*,0,1,0,1,6d,6,b18*,0,0,1,0,0,0,b18,b18,b,1,2,0,30-40,0,0,0,0,0,0,,,2
20180128-M-Australian_Open-F-Marin_Cilic-Roger_Federer,6,0,0,0,0,30-40,1,1,0,,1,2,MC,4s39f3s3f+1l2o=3n@,,There's a rally off a 2nd serve where Cilic's shot is called out but his challenge proves correct (the first of many) so the point is replayed Cilic still loses it with a bad smash miss.,4s39f3s3f+1l2o=3n@,,0,,4s39f3s3f+1l2o=3n@,,1,,1,0,4,,s39f3s3f+1l2o=3n@,0,0,0,0,1,0,  ,s39f3s3f1l2o3,sfsflo,6,2,0,GM,2,0,1,0,0,0,,,6
20180128-M-Australian_Open-F-Marin_Cilic-Roger_Federer,7,0,0,0,1,0-0,2,1,0,,2,1,RF,6n,4f29d@,,6n,4f29d@,0,0,6n,4f29d@,0,1,0,1,6n,4,f29d@,0,0,0,0,1,0,f29d,f29,f,1,2,1,15-0,0,0,1,0,0,0,,,1
20180128-M-Australian_Open-F-Marin_Cilic-Roger_Federer,8,0,0,0,1,15-0,2,1,0,,2,1,RF,6f37f+1*,,,6f37f+1*,,0,,6f37f+1*,,1,,1,0,6,,f37f+1*,0,0,1,0,0,0,f37f1,f37f1,ff,2,2,1,30-0,0,0,1,0,0,0,,,3
20180128-M-Australian_Open-F-Marin_Cilic-Roger_Federer,9,0,0,0,1,30-0,2,1,0,,2,1,RF,6+s27v1f3n#,,,6+s27v1f3n#,,1,,6s27v1f3n#,,1,,1,0,6,,s27v1f3n#,0,0,0,1,0,0,s27v1f3n,s27v1f3,svf,3,2,1,40-0,0,0,1,0,0,0,,,3
20180128-M-Australian_Open-F-Marin_Cilic-Roger_Federer,10,0,0,0,1,40-0,2,1,0,,2,1,RF,4b29f1*,,Typical Federer low FH winner.,4b29f1*,,0,,4b29f1*,,1,,1,0,4,,b29f1*,0,0,1,0,0,0,b29f1,b29f1,bf,2,2,1,GM,2,0,2,0,0,0,,,3
20180128-M-Australian_Open-F-Marin_Cilic-Roger_Federer,11,0,0,0,2,0-0,3,1,0,,1,2,MC,6b38b3w@,,,6b38b3w@,,0,,6b38b3w@,,1,,1,0,6,,b38b3w@,0,0,0,0,1,0,b38b3w,b38b3,bb,2,2,0,0-15,0,0,2,0,0,0,,,2
20180128-M-Australian_Open-F-Marin_Cilic-Roger_Federer,12,0,0,0,2,0-15,3,1,0,,1,2,MC,4y17f-3d@,,A drop shot return to surprise the big guy and force him to sprint uncomfortably smart play by Fed. Cilic changes his racquet mid-game before the next point - afterwards he would blame wrong tension for the bad start.,4y17f-3d@,,0,,4y17f-3d@,,1,,1,0,4,,y17f-3d@,0,0,0,0,1,0,y17f3d,y17f3,yf,2,2,0,0-30,0,0,2,0,0,0,,,2
20180128-M-Australian_Open-F-Marin_Cilic-Roger_Federer,13,0,0,0,2,0-30,3,1,0,,1,2,MC,6n,6s38b3b3f3w@,Just missed the line unfortunate for him.,6n,6s38b3b3f3w@,0,0,6n,6s38b3b3f3w@,0,1,0,1,6n,6,s38b3b3f3w@,0,0,0,0,1,0,s38b3b3f3w,s38b3b3f3,sbbf,4,2,0,0-40,0,0,2,0,0,0,,,4
20180128-M-Australian_Open-F-Marin_Cilic-Roger_Federer,14,0,0,0,2,0-40,3,1,0,,1,2,MC,6f29f3f3b1r3b1*,,What a toothless inside-out FH from Federer. Far from the last oneÉ,6f29f3f3b1r3b1*,,0,,6f29f3f3b1r3b1*,,1,,1,0,6,,f29f3f3b1r3b1*,0,0,1,0,0,0,f29f3f3b1r3b1,f29f3f3b1r3b1,fffbrb,6,1,1,15-40,0,0,2,0,0,0,,,7
20180128-M-Australian_Open-F-Marin_Cilic-Roger_Federer,15,0,0,0,2,15-40,3,1,0,,1,2,MC,6d,6s39b3x@,,6d,6s39b3x@,0,0,6d,6s39b3x@,0,1,0,1,6d,6,s39b3x@,0,0,0,0,1,0,s39b3x,s39b3,sb,2,2,0,GM,2,0,3,0,0,0,,,2
20180128-M-Australian_Open-F-Marin_Cilic-Roger_Federer,16,0,0,0,3,0-0,4,1,0,,2,1,RF,6n,6b39b2f1f1f3w@,,6n,6b39b2f1f1f3w@,0,0,6n,6b39b2f1f1f3w@,0,1,0,1,6n,6,b39b2f1f1f3w@,0,0,0,0,1,0,b39b2f1f1f3w,b39b2f1f1f3,bbfff,5,2,1,15-0,0,0,3,0,0,0,,,5
20180128-M-Australian_Open-F-Marin_Cilic-Roger_Federer,17,0,0,0,3,15-0,4,1,0,,2,1,RF,6w,5b29f1f1f1f1f1f2n#,A high-octane FH-to-FH exchange Federer overwhelming Cilic with sheer quickness.,6w,5b29f1f1f1f1f1f2n#,0,0,6w,5b29f1f1f1f1f1f2n#,0,1,0,1,6w,5,b29f1f1f1f1f1f2n#,0,0,0,1,0,0,b29f1f1f1f1f1f2n,b29f1f1f1f1f1f2,bffffff,7,2,1,30-0,0,0,3,0,0,0,,,7
20180128-M-Australian_Open-F-Marin_Cilic-Roger_Federer,18,0,0,0,3,30-0,4,1,0,,2,1,RF,5b3w#,,,5b3w#,,0,,5b3w#,,1,,1,0,5,,b3w#,0,0,0,1,0,0,b3w,b3,b,1,2,1,40-0,0,0,3,0,0,0,,,1
20180128-M-Australian_Open-F-Marin_Cilic-Roger_Federer,19,0,0,0,3,40-0,4,1,0,,2,1,RF,4n,4b39h=2f1*,Federer committed to taking the ball early even when Cilic starts blasting it determined not to let Cilic yank him around the baseline.,4n,4b39h=2f1*,0,0,4n,4b39h=2f1*,0,1,0,1,4n,4,b39h=2f1*,0,0,1,0,0,0,b39h2f1,b39h2f1,bhf,3,1,0,40-15,0,0,3,0,0,0,,,4
20180128-M-Australian_Open-F-Marin_Cilic-Roger_Federer,20,0,0,0,3,40-15,4,1,0,,2,1,RF,6s27f+3b1n#,,,6s27f+3b1n#,,0,,6s27f+3b1n#,,1,,1,0,6,,s27f+3b1n#,0,0,0,1,0,0,s27f3b1n,s27f3b1,sfb,3,2,1,GM,2,0,4,0,0,0,,,3
20180128-M-Australian_Open-F-Marin_Cilic-Roger_Federer,21,0,0,0,4,0-0,5,1,0,,1,2,MC,4w,6b18f3b1d@,,4w,6b18f3b1d@,0,0,4w,6b18f3b1d@,0,1,0,1,4w,6,b18f3b1d@,0,0,0,0,1,0,b18f3b1d,b18f3b1,bfb,3,1,1,15-0,0,0,4,0,0,0,,,3
20180128-M-Australian_Open-F-Marin_Cilic-Roger_Federer,22,0,0,0,4,15-0,5,1,0,,1,2,MC,6*,,,6*,,0,,6*,,1,,0,0,6*,,,1,0,0,0,0,0,,,,0,1,1,30-0,0,0,4,0,0,0,,,1
20180128-M-Australian_Open-F-Marin_Cilic-Roger_Federer,23,0,0,0,4,30-0,5,1,0,,1,2,MC,4x,5b29f3b3b3x@,,4x,5b29f3b3b3x@,0,0,4x,5b29f3b3b3x@,0,1,0,1,4x,5,b29f3b3b3x@,0,0,0,0,1,0,b29f3b3b3x,b29f3b3b3,bfbb,4,2,0,30-15,0,0,4,0,0,0,,,4
20180128-M-Australian_Open-F-Marin_Cilic-Roger_Federer,24,0,0,0,4,30-15,5,1,0,,1,2,MC,4s28f1f1f3s3b2n@,,Federer moves Cilic around nicely. Cilic is fit and makes it in time but nets when trying to go aggressive.,4s28f1f1f3s3b2n@,,0,,4s28f1f1f3s3b2n@,,1,,1,0,4,,s28f1f1f3s3b2n@,0,0,0,0,1,0,s28f1f1f3s3b2n,s28f1f1f3s3b2,sfffsb,6,2,0,30-30,0,0,4,0,0,0,,,6
20180128-M-Australian_Open-F-Marin_Cilic-Roger_Federer,25,0,0,0,4,30-30,5,1,0,,1,2,MC,4n,4f18f3b2b+3s3z1*,Finally Cilic wins a point by overpowering Federer from the baseline as he should.,4n,4f18f3b2b+3s3z1*,0,0,4n,4f18f3b2b+3s3z1*,0,1,0,1,4n,4,f18f3b2b+3s3z1*,0,0,1,0,0,0,f18f3b2b3s3z1,f18f3b2b3s3z1,ffbbsz,6,1,1,40-30,0,0,4,0,0,0,,,7
20180128-M-Australian_Open-F-Marin_Cilic-Roger_Federer,26,0,0,0,4,40-30,5,1,0,,1,2,MC,6d,6f3n#,Strong 2nd serve kicker.,6d,6f3n#,0,0,6d,6f3n#,0,1,0,1,6d,6,f3n#,0,0,0,1,0,0,f3n,f3,f,1,1,1,GM,1,1,4,0,0,0,,,1
20180128-M-Australian_Open-F-Marin_Cilic-Roger_Federer,27,0,0,1,4,0-0,6,1,0,,2,1,RF,6s28f+1f1w@,,Not a good FH approach Cilic should've made the pass IMO.,6s28f+1f1w@,,0,,6s28f+1f1w@,,1,,1,0,6,,s28f+1f1w@,0,0,0,0,1,0,s28f1f1w,s28f1f1,sff,3,2,1,15-0,0,1,4,0,0,0,,,3
20180128-M-Australian_Open-F-Marin_Cilic-Roger_Federer,28,0,0,1,4,15-0,6,1,0,,2,1,RF,4n,6f38s2f1w@,"Forces a weak reply then misses the next shot - that's what I'd call ""cilicing it away"".",4n,6f38s2f1w@,0,0,4n,6f38s2f1w@,0,1,0,1,4n,6,f38s2f1w@,0,0,0,0,1,0,f38s2f1w,f38s2f1,fsf,3,2,1,30-0,0,1,4,0,0,0,,,3
20180128-M-Australian_Open-F-Marin_Cilic-Roger_Federer,29,0,0,1,4,30-0,6,1,0,,2,1,RF,6*,,,6*,,0,,6*,,1,,0,0,6*,,,1,0,0,0,0,0,,,,0,2,1,40-0,0,1,4,0,0,0,,,1
20180128-M-Australian_Open-F-Marin_Cilic-Roger_Federer,30,0,0,1,4,40-0,6,1,0,,2,1,RF,4d,6+f2n#,,4d,6+f2n#,0,1,4d,6f2n#,0,1,0,1,4d,6,f2n#,0,0,0,1,0,0,f2n,f2,f,1,2,1,GM,2,1,5,0,0,0,,,1
20180128-M-Australian_Open-F-Marin_Cilic-Roger_Federer,31,0,0,1,5,0-0,7,1,0,,1,2,MC,6*,,Cilic challenges an 'out' call again this time on serve and again gets it right - ace.,6*,,0,,6*,,1,,0,0,6*,,,1,0,0,0,0,0,,,,0,1,1,15-0,0,1,5,0,0,0,,,1
20180128-M-Australian_Open-F-Marin_Cilic-Roger_Federer,32,0,0,1,5,15-0,7,1,0,,1,2,MC,6*,,,6*,,0,,6*,,1,,0,0,6*,,,1,0,0,0,0,0,,,,0,1,1,30-0,0,1,5,0,0,0,,,1
20180128-M-Australian_Open-F-Marin_Cilic-Roger_Federer,33,0,0,1,5,30-0,7,1,0,,1,2,MC,4w,5b37b3y1n@,Federer mixing it up to keep Cilic alert.,4w,5b37b3y1n@,0,0,4w,5b37b3y1n@,0,1,0,1,4w,5,b37b3y1n@,0,0,0,0,1,0,b37b3y1n,b37b3y1,bby,3,1,1,40-0,0,1,5,0,0,0,,,3
20180128-M-Australian_Open-F-Marin_Cilic-Roger_Federer,34,0,0,1,5,40-0,7,1,0,,1,2,MC,4d,4b37b3s2f3b3n@,,4d,4b37b3s2f3b3n@,0,0,4d,4b37b3s2f3b3n@,0,1,0,1,4d,4,b37b3s2f3b3n@,0,0,0,0,1,0,b37b3s2f3b3n,b37b3s2f3b3,bbsfb,5,1,1,GM,1,2,5,0,0,0,,,5
20180128-M-Australian_Open-F-Marin_Cilic-Roger_Federer,35,0,0,2,5,0-0,8,1,0,,2,1,RF,4f2d#,,,4f2d#,,0,,4f2d#,,1,,1,0,4,,f2d#,0,0,0,1,0,0,f2d,f2,f,1,2,1,15-0,0,2,5,0,0,0,,,1
20180128-M-Australian_Open-F-Marin_Cilic-Roger_Federer,36,0,0,2,5,15-0,8,1,0,,2,1,RF,6f29f3s3f+1f1*,,The approach could've been better but would normally still be good enough to win given that Cilic was out of position and could barely get to the ball in time yet threaded the needle with his pass which landed right in the sideline corner of the service box.,6f29f3s3f+1f1*,,0,,6f29f3s3f+1f1*,,1,,1,0,6,,f29f3s3f+1f1*,0,0,1,0,0,0,f29f3s3f1f1,f29f3s3f1f1,ffsff,5,1,0,15-15,0,2,5,0,0,0,,,6
20180128-M-Australian_Open-F-Marin_Cilic-Roger_Federer,37,0,0,2,5,15-15,8,1,0,,2,1,RF,4*,,,4*,,0,,4*,,1,,0,0,4*,,,1,0,0,0,0,0,,,,0,2,1,30-15,0,2,5,0,0,0,,,1
20180128-M-Australian_Open-F-Marin_Cilic-Roger_Federer,38,0,0,2,5,30-15,8,1,0,,2,1,RF,6*,,,6*,,0,,6*,,1,,0,0,6*,,,1,0,0,0,0,0,,,,0,2,1,40-15,0,2,5,0,0,0,,,1
20180128-M-Australian_Open-F-Marin_Cilic-Roger_Federer,39,0,0,2,5,40-15,8,1,0,,2,1,RF,5b17w#,,,5b17w#,,0,,5b17w#,,1,,1,0,5,,b17w#,0,0,0,1,0,0,b17w,b17,b,1,2,1,GM,2,2,6,2,0,1,,,1
20180128-M-Australian_Open-F-Marin_Cilic-Roger_Federer,40,0,1,0,0,0-0,9,1,0,,1,2,MC,6s1n#,,,6s1n#,,0,,6s1n#,,1,,1,0,6,,s1n#,0,0,0,1,0,0,s1n,s1,s,1,1,1,15-0,0,0,0,0,0,1,,,1
20180128-M-Australian_Open-F-Marin_Cilic-Roger_Federer,41,0,1,0,0,15-0,9,1,0,,1,2,MC,4*,,,4*,,0,,4*,,1,,0,0,4*,,,1,0,0,0,0,0,,,,0,1,1,30-0,0,0,0,0,0,1,,,1
20180128-M-Australian_Open-F-Marin_Cilic-Roger_Federer,42,0,1,0,0,30-0,9,1,0,,1,2,MC,4f2d#,,,4f2d#,,0,,4f2d#,,1,,1,0,4,,f2d#,0,0,0,1,0,0,f2d,f2,f,1,1,1,40-0,0,0,0,0,0,1,,,1
20180128-M-Australian_Open-F-Marin_Cilic-Roger_Federer,43,0,1,0,0,40-0,9,1,0,,1,2,MC,6d,4s38b;3f3b3f1f2f3s2n#,,6d,4s38b;3f3b3f1f2f3s2n#,0,0,6d,4s38b;3f3b3f1f2f3s2n#,0,1,0,1,6d,4,s38b;3f3b3f1f2f3s2n#,0,0,0,1,0,0,s38b3f3b3f1f2f3s2n,s38b3f3b3f1f2f3s2,sbfbfffs,8,2,0,40-15,0,0,0,0,0,1,,,8
20180128-M-Australian_Open-F-Marin_Cilic-Roger_Federer,44,0,1,0,0,40-15,9,1,0,,1,2,MC,4r27f+3b3w#,,,4r27f+3b3w#,,0,,4r27f+3b3w#,,1,,1,0,4,,r27f+3b3w#,0,0,0,1,0,0,r27f3b3w,r27f3b3,rfb,3,1,1,GM,1,1,0,0,0,1,,,3
20180128-M-Australian_Open-F-Marin_Cilic-Roger_Federer,45,0,1,1,0,0-0,10,1,0,,2,1,RF,6#,,Much talking about how the final being played indoors benefits Federer. It does but it benefits Cilic as well perhaps moreso. No indication after the match that Federer had any say in this though playing an indoor final in an outdoor major does look a bit iffy.,6#,,0,,6#,,1,,0,0,6#,,,0,1,0,0,0,0,,,,0,2,1,15-0,0,1,0,0,0,1,,,1
20180128-M-Australian_Open-F-Marin_Cilic-Roger_Federer,46,0,1,1,0,15-0,10,1,0,,2,1,RF,4w,4b29f2f3b3n@,,4w,4b29f2f3b3n@,0,0,4w,4b29f2f3b3n@,0,1,0,1,4w,4,b29f2f3b3n@,0,0,0,0,1,0,b29f2f3b3n,b29f2f3b3,bffb,4,1,0,15-15,0,1,0,0,0,1,,,4
20180128-M-Australian_Open-F-Marin_Cilic-Roger_Federer,47,0,1,1,0,15-15,10,1,0,,2,1,RF,4f29f3n@,,Great 1st serve return from Cilic. Federer still had time but didn't want to go on the defensive.,4f29f3n@,,0,,4f29f3n@,,1,,1,0,4,,f29f3n@,0,0,0,0,1,0,f29f3n,f29f3,ff,2,1,0,15-30,0,1,0,0,0,1,,,2
20180128-M-Australian_Open-F-Marin_Cilic-Roger_Federer,48,0,1,1,0,15-30,10,1,0,,2,1,RF,4n,6f38b3b1f2b1*,,4n,6f38b3b1f2b1*,0,0,4n,6f38b3b1f2b1*,0,1,0,1,4n,6,f38b3b1f2b1*,0,0,1,0,0,0,f38b3b1f2b1,f38b3b1f2b1,fbbfb,5,1,0,15-40,0,1,0,0,0,1,,,6
20180128-M-Australian_Open-F-Marin_Cilic-Roger_Federer,49,0,1,1,0,15-40,10,1,0,,2,1,RF,4*,,Right on the sideline.,4*,,0,,4*,,1,,0,0,4*,,,1,0,0,0,0,0,,,,0,2,1,30-40,0,1,0,0,0,1,,,1
20180128-M-Australian_Open-F-Marin_Cilic-Roger_Federer,50,0,1,1,0,30-40,10,1,0,,2,1,RF,4n,6f28f3b3f1*,,4n,6f28f3b3f1*,0,0,4n,6f28f3b3f1*,0,1,0,1,4n,6,f28f3b3f1*,0,0,1,0,0,0,f28f3b3f1,f28f3b3f1,ffbf,4,2,1,40-40,0,1,0,0,0,1,,,5
20180128-M-Australian_Open-F-Marin_Cilic-Roger_Federer,51,0,1,1,0,40-40,10,1,0,,2,1,RF,4#,,,4#,,0,,4#,,1,,0,0,4#,,,0,1,0,0,0,0,,,,0,2,1,AD-40,0,1,0,0,0,1,,,1
20180128-M-Australian_Open-F-Marin_Cilic-Roger_Federer,52,0,1,1,0,AD-40,10,1,0,,2,1,RF,6d,5f3w#,A terrific 2nd serve landing right onto the middle of the AD half of the service line.,6d,5f3w#,0,0,6d,5f3w#,0,1,0,1,6d,5,f3w#,0,0,0,1,0,0,f3w,f3,f,1,2,1,GM,2,1,1,0,0,1,,,1
20180128-M-Australian_Open-F-Marin_Cilic-Roger_Federer,53,0,1,1,1,0-0,11,1,0,,1,2,MC,4w,5b28f1f1f2s3b1f1d@,,4w,5b28f1f1f2s3b1f1d@,0,0,4w,5b28f1f1f2s3b1f1d@,0,1,0,1,4w,5,b28f1f1f2s3b1f1d@,0,0,0,0,1,0,b28f1f1f2s3b1f1d,b28f1f1f2s3b1f1,bfffsbf,7,1,1,15-0,0,1,1,0,0,1,,,7
20180128-M-Australian_Open-F-Marin_Cilic-Roger_Federer,54,0,1,1,1,15-0,11,1,0,,1,2,MC,6f28b2f3b3d#,,It's amazing how early Federer takes the ball.,6f28b2f3b3d#,,0,,6f28b2f3b3d#,,1,,1,0,6,,f28b2f3b3d#,0,0,0,1,0,0,f28b2f3b3d,f28b2f3b3,fbfb,4,2,0,15-15,0,1,1,0,0,1,,,4
20180128-M-Australian_Open-F-Marin_Cilic-Roger_Federer,55,0,1,1,1,15-15,11,1,0,,1,2,MC,4f1n#,,,4f1n#,,0,,4f1n#,,1,,1,0,4,,f1n#,0,0,0,1,0,0,f1n,f1,f,1,1,1,30-15,0,1,1,0,0,1,,,1
20180128-M-Australian_Open-F-Marin_Cilic-Roger_Federer,56,0,1,1,1,30-15,11,1,0,,1,2,MC,4d,4b28f2f3b2f2d@,,4d,4b28f2f3b2f2d@,0,0,4d,4b28f2f3b2f2d@,0,1,0,1,4d,4,b28f2f3b2f2d@,0,0,0,0,1,0,b28f2f3b2f2d,b28f2f3b2f2,bffbf,5,1,1,40-15,0,1,1,0,0,1,,,5
20180128-M-Australian_Open-F-Marin_Cilic-Roger_Federer,57,0,1,1,1,40-15,11,1,0,,1,2,MC,4f29f1d@,,Federer's return lands literally on the baseline and Cilic doesn't deal with it well.,4f29f1d@,,0,,4f29f1d@,,1,,1,0,4,,f29f1d@,0,0,0,0,1,0,f29f1d,f29f1,ff,2,2,0,40-30,0,1,1,0,0,1,,,2
20180128-M-Australian_Open-F-Marin_Cilic-Roger_Federer,58,0,1,1,1,40-30,11,1,0,,1,2,MC,4s19f1n@,,"Another deep return another error. ""14 unforced errors already from Cilic.""",4s19f1n@,,0,,4s19f1n@,,1,,1,0,4,,s19f1n@,0,0,0,0,1,0,s19f1n,s19f1,sf,2,2,0,40-40,0,1,1,0,0,1,,,2
20180128-M-Australian_Open-F-Marin_Cilic-Roger_Federer,59,0,1,1,1,40-40,11,1,0,,1,2,MC,6w,5s39b1n@,,6w,5s39b1n@,0,0,6w,5s39b1n@,0,1,0,1,6w,5,s39b1n@,0,0,0,0,1,0,s39b1n,s39b1,sb,2,2,0,40-AD,0,1,1,0,0,1,,,2
20180128-M-Australian_Open-F-Marin_Cilic-Roger_Federer,60,0,1,1,1,40-AD,11,1,0,,1,2,MC,4*,,Again Cilic challenges his serve being called 'out' and gets it right. This one was barely in though so the lineswoman is not at fault.,4*,,0,,4*,,1,,0,0,4*,,,1,0,0,0,0,0,,,,0,1,1,40-40,0,1,1,0,0,1,,,1
20180128-M-Australian_Open-F-Marin_Cilic-Roger_Federer,61,0,1,1,1,40-40,11,1,0,,1,2,MC,5s39d#,,,5s39d#,,0,,5s39d#,,1,,1,0,5,,s39d#,0,0,0,1,0,0,s39d,s39,s,1,1,1,AD-40,0,1,1,0,0,1,,,1
20180128-M-Australian_Open-F-Marin_Cilic-Roger_Federer,62,0,1,1,1,AD-40,11,1,0,,1,2,MC,6f28f3s3f1n@,,,6f28f3s3f1n@,,0,,6f28f3s3f1n@,,1,,1,0,6,,f28f3s3f1n@,0,0,0,0,1,0,f28f3s3f1n,f28f3s3f1,ffsf,4,2,0,40-40,0,1,1,0,0,1,,,4
20180128-M-Australian_Open-F-Marin_Cilic-Roger_Federer,63,0,1,1,1,40-40,11,1,0,,1,2,MC,4w,6s29d@,,4w,6s29d@,0,0,4w,6s29d@,0,1,0,1,4w,6,s29d@,0,0,0,0,1,0,s29d,s29,s,1,1,1,AD-40,0,1,1,0,0,1,,,1
20180128-M-Australian_Open-F-Marin_Cilic-Roger_Federer,64,0,1,1,1,AD-40,11,1,0,,1,2,MC,4x,4s38b3w@,,4x,4s38b3w@,0,0,4x,4s38b3w@,0,1,0,1,4x,4,s38b3w@,0,0,0,0,1,0,s38b3w,s38b3,sb,2,2,0,40-40,0,1,1,0,0,1,,,2
20180128-M-Australian_Open-F-Marin_Cilic-Roger_Federer,65,0,1,1,1,40-40,11,1,0,,1,2,MC,4r27f1*,,,4r27f1*,,0,,4r27f1*,,1,,1,0,4,,r27f1*,0,0,1,0,0,0,r27f1,r27f1,rf,2,1,1,AD-40,0,1,1,0,0,1,,,3
20180128-M-Australian_Open-F-Marin_Cilic-Roger_Federer,66,0,1,1,1,AD-40,11,1,0,,1,2,MC,6d,4b19*,,6d,4b19*,0,0,6d,4b19*,0,1,0,1,6d,4,b19*,0,0,1,0,0,0,b19,b19,b,1,2,0,40-40,0,1,1,0,0,1,,,2
20180128-M-Australian_Open-F-Marin_Cilic-Roger_Federer,67,0,1,1,1,40-40,11,1,0,,1,2,MC,4n,6s38b3b1f3b3b3f1f1f1w@,,4n,6s38b3b1f3b3b3f1f1f1w@,0,0,4n,6s38b3b1f3b3b3f1f1f1w@,0,1,0,1,4n,6,s38b3b1f3b3b3f1f1f1w@,0,0,0,0,1,0,s38b3b1f3b3b3f1f1f1w,s38b3b1f3b3b3f1f1f1,sbbfbbfff,9,1,1,AD-40,0,1,1,0,0,1,,,9
20180128-M-Australian_Open-F-Marin_Cilic-Roger_Federer,68,0,1,1,1,AD-40,11,1,0,,1,2,MC,6d,4s38b3s3b3b1n@,Federer nets trying to go DTL aggressively and Cilic finally holds.,6d,4s38b3s3b3b1n@,0,0,6d,4s38b3s3b3b1n@,0,1,0,1,6d,4,s38b3s3b3b1n@,0,0,0,0,1,0,s38b3s3b3b1n,s38b3s3b3b1,sbsbb,5,1,1,GM,1,2,1,0,0,1,,,5
20180128-M-Australian_Open-F-Marin_Cilic-Roger_Federer,69,0,1,2,1,0-0,12,1,0,,2,1,RF,4#,,"""Australian Closed final"". How original.",4#,,0,,4#,,1,,0,0,4#,,,0,1,0,0,0,0,,,,0,2,1,15-0,0,2,1,0,0,1,,,1
20180128-M-Australian_Open-F-Marin_Cilic-Roger_Federer,70,0,1,2,1,15-0,12,1,0,,2,1,RF,4n,4b39b2f2b3b3s3b3s3f3*,,4n,4b39b2f2b3b3s3b3s3f3*,0,0,4n,4b39b2f2b3b3s3b3s3f3*,0,1,0,1,4n,4,b39b2f2b3b3s3b3s3f3*,0,0,1,0,0,0,b39b2f2b3b3s3b3s3f3,b39b2f2b3b3s3b3s3f3,bbfbbsbsf,9,1,0,15-15,0,2,1,0,0,1,,,10
20180128-M-Australian_Open-F-Marin_Cilic-Roger_Federer,71,0,1,2,1,15-15,12,1,0,,2,1,RF,4f19h=3s3f1f3n#,,Half-volleyerer in action.,4f19h=3s3f1f3n#,,0,,4f19h=3s3f1f3n#,,1,,1,0,4,,f19h=3s3f1f3n#,0,0,0,1,0,0,f19h3s3f1f3n,f19h3s3f1f3,fhsff,5,2,1,30-15,0,2,1,0,0,1,,,5
20180128-M-Australian_Open-F-Marin_Cilic-Roger_Federer,72,0,1,2,1,30-15,12,1,0,,2,1,RF,4*,,,4*,,0,,4*,,1,,0,0,4*,,,1,0,0,0,0,0,,,,0,2,1,40-15,0,2,1,0,0,1,,,1
20180128-M-Australian_Open-F-Marin_Cilic-Roger_Federer,73,0,1,2,1,40-15,12,1,0,,2,1,RF,6w,5b2n#,,6w,5b2n#,0,0,6w,5b2n#,0,1,0,1,6w,5,b2n#,0,0,0,1,0,0,b2n,b2,b,1,2,1,GM,2,2,2,0,0,1,,,1
20180128-M-Australian_Open-F-Marin_Cilic-Roger_Federer,74,0,1,2,2,0-0,13,1,0,,1,2,MC,4f38b3w@,,,4f38b3w@,,0,,4f38b3w@,,1,,1,0,4,,f38b3w@,0,0,0,0,1,0,f38b3w,f38b3,fb,2,2,0,0-15,0,2,2,0,0,1,,,2
20180128-M-Australian_Open-F-Marin_Cilic-Roger_Federer,75,0,1,2,2,0-15,13,1,0,,1,2,MC,4n,4s39f1f1f3s3f3s2f+3m1o3m2o3m2o1*,Lasting crowd applause.,4n,4s39f1f1f3s3f3s2f+3m1o3m2o3m2o1*,0,0,4n,4s39f1f1f3s3f3s2f+3m1o3m2o3m2o1*,0,1,0,1,4n,4,s39f1f1f3s3f3s2f+3m1o3m2o3m2o1*,0,0,1,0,0,0,s39f1f1f3s3f3s2f3m1o3m2o3m2o1,s39f1f1f3s3f3s2f3m1o3m2o3m2o1,sfffsfsfmomomo,14,1,1,15-15,0,2,2,0,0,1,,,15
20180128-M-Australian_Open-F-Marin_Cilic-Roger_Federer,76,0,1,2,2,15-15,13,1,0,,1,2,MC,4w,5b27f1f1f1!@,,4w,5b27f1f1f1!@,0,0,4w,5b27f1f1f1!@,0,1,0,1,4w,5,b27f1f1f1!@,0,0,0,0,1,0,b27f1f1f1!,b27f1f1f1,bfff,4,2,0,15-30,0,2,2,0,0,1,,,4
20180128-M-Australian_Open-F-Marin_Cilic-Roger_Federer,77,0,1,2,2,15-30,13,1,0,,1,2,MC,4#,,,4#,,0,,4#,,1,,0,0,4#,,,0,1,0,0,0,0,,,,0,1,1,30-30,0,2,2,0,0,1,,,1
20180128-M-Australian_Open-F-Marin_Cilic-Roger_Federer,78,0,1,2,2,30-30,13,1,0,,1,2,MC,4x,4f39*,"""Oh what a shot.""",4x,4f39*,0,0,4x,4f39*,0,1,0,1,4x,4,f39*,0,0,1,0,0,0,f39,f39,f,1,2,0,30-40,0,2,2,0,0,1,,,2
20180128-M-Australian_Open-F-Marin_Cilic-Roger_Federer,79,0,1,2,2,30-40,13,1,0,,1,2,MC,4s2n#,,,4s2n#,,0,,4s2n#,,1,,1,0,4,,s2n#,0,0,0,1,0,0,s2n,s2,s,1,1,1,40-40,0,2,2,0,0,1,,,1
20180128-M-Australian_Open-F-Marin_Cilic-Roger_Federer,80,0,1,2,2,40-40,13,1,0,,1,2,MC,4#,,Fed hitting the ball over the umpire's booth.,4#,,0,,4#,,1,,0,0,4#,,,0,1,0,0,0,0,,,,0,1,1,AD-40,0,2,2,0,0,1,,,1
20180128-M-Australian_Open-F-Marin_Cilic-Roger_Federer,81,0,1,2,2,AD-40,13,1,0,,1,2,MC,4*,,,4*,,0,,4*,,1,,0,0,4*,,,1,0,0,0,0,0,,,,0,1,1,GM,1,3,2,0,0,1,,,1
20180128-M-Australian_Open-F-Marin_Cilic-Roger_Federer,82,0,1,3,2,0-0,14,1,0,,2,1,RF,6w,4f39b3s3w#,Yet another semi-half-volley shot by Roger. ,6w,4f39b3s3w#,0,0,6w,4f39b3s3w#,0,1,0,1,6w,4,f39b3s3w#,0,0,0,1,0,0,f39b3s3w,f39b3s3,fbs,3,2,1,15-0,0,3,2,0,0,1,,,3
20180128-M-Australian_Open-F-Marin_Cilic-Roger_Federer,83,0,1,3,2,15-0,14,1,0,,2,1,RF,4+b28z3*,,,4+b28z3*,,1,,4b28z3*,,1,,1,0,4,,b28z3*,0,0,1,0,0,0,b28z3,b28z3,bz,2,2,1,30-0,0,3,2,0,0,1,,,3
20180128-M-Australian_Open-F-Marin_Cilic-Roger_Federer,84,0,1,3,2,30-0,14,1,0,,2,1,RF,6b3n#,,,6b3n#,,0,,6b3n#,,1,,1,0,6,,b3n#,0,0,0,1,0,0,b3n,b3,b,1,2,1,40-0,0,3,2,0,0,1,,,1
20180128-M-Australian_Open-F-Marin_Cilic-Roger_Federer,85,0,1,3,2,40-0,14,1,0,,2,1,RF,6*,,Fooled Cilic (and myself) into thinking he's going to serve out wide went DTL instead.,6*,,0,,6*,,1,,0,0,6*,,,1,0,0,0,0,0,,,,0,2,1,GM,2,3,3,0,0,1,,,1
20180128-M-Australian_Open-F-Marin_Cilic-Roger_Federer,86,0,1,3,3,0-0,15,1,0,,1,2,MC,6s29d#,,,6s29d#,,0,,6s29d#,,1,,1,0,6,,s29d#,0,0,0,1,0,0,s29d,s29,s,1,1,1,15-0,0,3,3,0,0,1,,,1
20180128-M-Australian_Open-F-Marin_Cilic-Roger_Federer,87,0,1,3,3,15-0,15,1,0,,1,2,MC,6d,4b37b3w#,,6d,4b37b3w#,0,0,6d,4b37b3w#,0,1,0,1,6d,4,b37b3w#,0,0,0,1,0,0,b37b3w,b37b3,bb,2,2,0,15-15,0,3,3,0,0,1,,,2
20180128-M-Australian_Open-F-Marin_Cilic-Roger_Federer,88,0,1,3,3,15-15,15,1,0,,1,2,MC,6#,,"""That's his quickest serve so far in the match - 214 km/h.""",6#,,0,,6#,,1,,0,0,6#,,,0,1,0,0,0,0,,,,0,1,1,30-15,0,3,3,0,0,1,,,1
20180128-M-Australian_Open-F-Marin_Cilic-Roger_Federer,89,0,1,3,3,30-15,15,1,0,,1,2,MC,6f29f3b1x@,,,6f29f3b1x@,,0,,6f29f3b1x@,,1,,1,0,6,,f29f3b1x@,0,0,0,0,1,0,f29f3b1x,f29f3b1,ffb,3,1,1,40-15,0,3,3,0,0,1,,,3
20180128-M-Australian_Open-F-Marin_Cilic-Roger_Federer,90,0,1,3,3,40-15,15,1,0,,1,2,MC,6*,,,6*,,0,,6*,,1,,0,0,6*,,,1,0,0,0,0,0,,,,0,1,1,GM,1,4,3,0,0,1,,,1
20180128-M-Australian_Open-F-Marin_Cilic-Roger_Federer,91,0,1,4,3,0-0,16,1,0,,2,1,RF,6b17f+3b3z2n#,,An awful forehand approach from Federer once again what's up with those?,6b17f+3b3z2n#,,0,,6b17f+3b3z2n#,,1,,1,0,6,,b17f+3b3z2n#,0,0,0,1,0,0,b17f3b3z2n,b17f3b3z2,bfbz,4,1,0,0-15,0,4,3,0,0,1,,,4
20180128-M-Australian_Open-F-Marin_Cilic-Roger_Federer,92,0,1,4,3,0-15,16,1,0,,2,1,RF,c6n,4b39f1f3b1f3i=3b3b2f2d@,Federer will be getting a good lot of service lets later on. Could be a personal record.,6n,4b39f1f3b1f3i=3b3b2f2d@,0,0,6n,4b39f1f3b1f3i=3b3b2f2d@,0,1,0,1,6n,4,b39f1f3b1f3i=3b3b2f2d@,0,0,0,0,1,0,b39f1f3b1f3i3b3b2f2d,b39f1f3b1f3i3b3b2f2,bffbfibbf,9,2,1,15-15,0,4,3,0,0,1,,,9
20180128-M-Australian_Open-F-Marin_Cilic-Roger_Federer,93,0,1,4,3,15-15,16,1,0,,2,1,RF,6s3n#,,,6s3n#,,0,,6s3n#,,1,,1,0,6,,s3n#,0,0,0,1,0,0,s3n,s3,s,1,2,1,30-15,0,4,3,0,0,1,,,1
20180128-M-Australian_Open-F-Marin_Cilic-Roger_Federer,94,0,1,4,3,30-15,16,1,0,,2,1,RF,6d,4w,,6d,4w,0,0,6d,4w,0,0,0,0,6d,4w,,0,0,0,0,0,1,,,,0,1,0,30-30,0,4,3,0,0,1,,,0
20180128-M-Australian_Open-F-Marin_Cilic-Roger_Federer,95,0,1,4,3,30-30,16,1,0,,2,1,RF,4*,,,4*,,0,,4*,,1,,0,0,4*,,,1,0,0,0,0,0,,,,0,2,1,40-30,0,4,3,0,0,1,,,1
20180128-M-Australian_Open-F-Marin_Cilic-Roger_Federer,96,0,1,4,3,40-30,16,1,0,,2,1,RF,4d,4b38b2f3b3b3b2f1f2f1f1f3d@,After missing the 1st serve Federer expertly hits the ball off Cilic's irrelevant return right into the ballboy's hands. He likes to show off that way every so often - saves ballkids some effort too. As usual a bit of applause ensues.,4d,4b38b2f3b3b3b2f1f2f1f1f3d@,0,0,4d,4b38b2f3b3b3b2f1f2f1f1f3d@,0,1,0,1,4d,4,b38b2f3b3b3b2f1f2f1f1f3d@,0,0,0,0,1,0,b38b2f3b3b3b2f1f2f1f1f3d,b38b2f3b3b3b2f1f2f1f1f3,bbfbbbfffff,11,2,1,GM,2,4,4,0,0,1,,,11
20180128-M-Australian_Open-F-Marin_Cilic-Roger_Federer,97,0,1,4,4,0-0,17,1,0,,1,2,MC,4d,6s39b3b3b2f3b3n@,,4d,6s39b3b3b2f3b3n@,0,0,4d,6s39b3b3b2f3b3n@,0,1,0,1,4d,6,s39b3b3b2f3b3n@,0,0,0,0,1,0,s39b3b3b2f3b3n,s39b3b3b2f3b3,sbbbfb,6,2,0,0-15,0,4,4,0,0,1,,,6
20180128-M-Australian_Open-F-Marin_Cilic-Roger_Federer,98,0,1,4,4,0-15,17,1,0,,1,2,MC,4n,6f;38b;+1f2z3s-1w#,Cilic's fourth consecutive successful challenge. Federer's slice barely missed the line.,4n,6f;38b;+1f2z3s-1w#,0,0,4n,6f;38b;+1f2z3s-1w#,0,1,0,1,4n,6,f;38b;+1f2z3s-1w#,0,0,0,1,0,0,f38b1f2z3s1w,f38b1f2z3s1,fbfzs,5,1,1,15-15,0,4,4,0,0,1,,,5
20180128-M-Australian_Open-F-Marin_Cilic-Roger_Federer,99,0,1,4,4,15-15,17,1,0,,1,2,MC,4f2d#,,,4f2d#,,0,,4f2d#,,1,,1,0,4,,f2d#,0,0,0,1,0,0,f2d,f2,f,1,1,1,30-15,0,4,4,0,0,1,,,1
20180128-M-Australian_Open-F-Marin_Cilic-Roger_Federer,100,0,1,4,4,30-15,17,1,0,,1,2,MC,6d,6f39b1w@,,6d,6f39b1w@,0,0,6d,6f39b1w@,0,1,0,1,6d,6,f39b1w@,0,0,0,0,1,0,f39b1w,f39b1,fb,2,2,0,30-30,0,4,4,0,0,1,,,2
20180128-M-Australian_Open-F-Marin_Cilic-Roger_Federer,101,0,1,4,4,30-30,17,1,0,,1,2,MC,4f39f1r1f+3b1*,,The approach was too spinny duly punished by Federer.,4f39f1r1f+3b1*,,0,,4f39f1r1f+3b1*,,1,,1,0,4,,f39f1r1f+3b1*,0,0,1,0,0,0,f39f1r1f3b1,f39f1r1f3b1,ffrfb,5,2,0,30-40,0,4,4,0,0,1,,,6
20180128-M-Australian_Open-F-Marin_Cilic-Roger_Federer,102,0,1,4,4,30-40,17,1,0,,1,2,MC,6x,6*,"""That is ultra-gutsy.""",6x,6*,0,0,6x,6*,0,1,0,0,6x,6*,,1,0,0,0,0,0,,,,0,1,1,40-40,0,4,4,0,0,1,,,1
20180128-M-Australian_Open-F-Marin_Cilic-Roger_Federer,103,0,1,4,4,40-40,17,1,0,,1,2,MC,4#,,,4#,,0,,4#,,1,,0,0,4#,,,0,1,0,0,0,0,,,,0,1,1,AD-40,0,4,4,0,0,1,,,1
20180128-M-Australian_Open-F-Marin_Cilic-Roger_Federer,104,0,1,4,4,AD-40,17,1,0,,1,2,MC,4w,4b28f1f2f3*,,4w,4b28f1f2f3*,0,0,4w,4b28f1f2f3*,0,1,0,1,4w,4,b28f1f2f3*,0,0,1,0,0,0,b28f1f2f3,b28f1f2f3,bfff,4,1,1,GM,1,5,4,0,0,1,,,5
20180128-M-Australian_Open-F-Marin_Cilic-Roger_Federer,105,0,1,5,4,0-0,18,1,0,,2,1,RF,4w,5n,Some fool yelling just before the ball toss. Federer didn't stop his service routine and ended up double-faulting.,4w,5n,0,0,4w,5n,0,0,0,0,4w,5n,,0,0,0,0,0,1,,,,0,1,0,0-15,0,5,4,0,0,1,,,0
20180128-M-Australian_Open-F-Marin_Cilic-Roger_Federer,106,0,1,5,4,0-15,18,1,0,,2,1,RF,c4b3n#,,,4b3n#,,0,,4b3n#,,1,,1,0,4,,b3n#,0,0,0,1,0,0,b3n,b3,b,1,2,1,15-15,0,5,4,0,0,1,,,1
20180128-M-Australian_Open-F-Marin_Cilic-Roger_Federer,107,0,1,5,4,15-15,18,1,0,,2,1,RF,6b28f1f1f1n@,,Again someone yells as Federer is preparing to serve. This time he repeats the motion and gets a good serve in but loses the point anyway with an UE.,6b28f1f1f1n@,,0,,6b28f1f1f1n@,,1,,1,0,6,,b28f1f1f1n@,0,0,0,0,1,0,b28f1f1f1n,b28f1f1f1,bfff,4,1,0,15-30,0,5,4,0,0,1,,,4
20180128-M-Australian_Open-F-Marin_Cilic-Roger_Federer,108,0,1,5,4,15-30,18,1,0,,2,1,RF,c6*,,Cilic's perfect challenge streak comes to an end as he challenges an honest ace.,6*,,0,,6*,,1,,0,0,6*,,,1,0,0,0,0,0,,,,0,2,1,30-30,0,5,4,0,0,1,,,1
20180128-M-Australian_Open-F-Marin_Cilic-Roger_Federer,109,0,1,5,4,30-30,18,1,0,,2,1,RF,4w,4d,"""Come on Roger!"" when Federer is about to serve. Probably the same idiot again.",4w,4d,0,0,4w,4d,0,0,0,0,4w,4d,,0,0,0,0,0,1,,,,0,1,0,30-40,0,5,4,0,0,1,,,0
20180128-M-Australian_Open-F-Marin_Cilic-Roger_Federer,110,0,1,5,4,30-40,18,1,0,,2,1,RF,6w,5b29f3b3n@,,6w,5b29f3b3n@,0,0,6w,5b29f3b3n@,0,1,0,1,6w,5,b29f3b3n@,0,0,0,0,1,0,b29f3b3n,b29f3b3,bfb,3,2,1,40-40,0,5,4,0,0,1,,,3
20180128-M-Australian_Open-F-Marin_Cilic-Roger_Federer,111,0,1,5,4,40-40,18,1,0,,2,1,RF,6b2d#,,"An excited ""come on!"" after the return flies long. ""207 (km/h) his quickest serve"" the commentator remarks.",6b2d#,,0,,6b2d#,,1,,1,0,6,,b2d#,0,0,0,1,0,0,b2d,b2,b,1,2,1,AD-40,0,5,4,0,0,1,,,1
20180128-M-Australian_Open-F-Marin_Cilic-Roger_Federer,112,0,1,5,4,AD-40,18,1,0,,2,1,RF,6f28f1f3b3b3b3b3w@,,,6f28f1f3b3b3b3b3w@,,0,,6f28f1f3b3b3b3b3w@,,1,,1,0,6,,f28f1f3b3b3b3b3w@,0,0,0,0,1,0,f28f1f3b3b3b3b3w,f28f1f3b3b3b3b3,fffbbbb,7,2,1,GM,2,5,5,0,0,1,,,7
20180128-M-Australian_Open-F-Marin_Cilic-Roger_Federer,113,0,1,5,5,0-0,19,1,0,,1,2,MC,4w,5b3x@,,4w,5b3x@,0,0,4w,5b3x@,0,1,0,1,4w,5,b3x@,0,0,0,0,1,0,b3x,b3,b,1,1,1,15-0,0,5,5,0,0,1,,,1
20180128-M-Australian_Open-F-Marin_Cilic-Roger_Federer,114,0,1,5,5,15-0,19,1,0,,1,2,MC,6f39b2f3b3s2f+3b3n#,,Slicing from a neutral position isn't a good idea against a top opponent.,6f39b2f3b3s2f+3b3n#,,0,,6f39b2f3b3s2f+3b3n#,,1,,1,0,6,,f39b2f3b3s2f+3b3n#,0,0,0,1,0,0,f39b2f3b3s2f3b3n,f39b2f3b3s2f3b3,fbfbsfb,7,1,1,30-0,0,5,5,0,0,1,,,7
20180128-M-Australian_Open-F-Marin_Cilic-Roger_Federer,115,0,1,5,5,30-0,19,1,0,,1,2,MC,6x,6b2n@,,6x,6b2n@,0,0,6x,6b2n@,0,1,0,1,6x,6,b2n@,0,0,0,0,1,0,b2n,b2,b,1,1,1,40-0,0,5,5,0,0,1,,,1
20180128-M-Australian_Open-F-Marin_Cilic-Roger_Federer,116,0,1,5,5,40-0,19,1,0,,1,2,MC,6*,,,6*,,0,,6*,,1,,0,0,6*,,,1,0,0,0,0,0,,,,0,1,1,GM,1,6,5,0,0,1,,,1
20180128-M-Australian_Open-F-Marin_Cilic-Roger_Federer,117,0,1,6,5,0-0,20,1,0,,2,1,RF,4n,6b28f2f1f3b1w@,,4n,6b28f2f1f3b1w@,0,0,4n,6b28f2f1f3b1w@,0,1,0,1,4n,6,b28f2f1f3b1w@,0,0,0,0,1,0,b28f2f1f3b1w,b28f2f1f3b1,bfffb,5,2,1,15-0,0,6,5,0,0,1,,,5
20180128-M-Australian_Open-F-Marin_Cilic-Roger_Federer,118,0,1,6,5,15-0,20,1,0,,2,1,RF,4b2n#,,,4b2n#,,0,,4b2n#,,1,,1,0,4,,b2n#,0,0,0,1,0,0,b2n,b2,b,1,2,1,30-0,0,6,5,0,0,1,,,1
20180128-M-Australian_Open-F-Marin_Cilic-Roger_Federer,119,0,1,6,5,30-0,20,1,0,,2,1,RF,4w,5b3d@,,4w,5b3d@,0,0,4w,5b3d@,0,1,0,1,4w,5,b3d@,0,0,0,0,1,0,b3d,b3,b,1,2,1,40-0,0,6,5,0,0,1,,,1
20180128-M-Australian_Open-F-Marin_Cilic-Roger_Federer,120,0,1,6,5,40-0,20,1,0,,2,1,RF,6*,,,6*,,0,,6*,,1,,0,0,6*,,,1,0,0,0,0,0,,,,0,2,1,GM,2,6,6,0,0,1,,,1
20180128-M-Australian_Open-F-Marin_Cilic-Roger_Federer,133,1,1,0,0,0-0,22,1,0,,2,1,RF,4*,,,4*,,0,,4*,,1,,0,0,4*,,,1,0,0,0,0,0,,,,0,2,1,15-0,0,0,0,0,1,1,,,1
20180128-M-Australian_Open-F-Marin_Cilic-Roger_Federer,134,1,1,0,0,15-0,22,1,0,,2,1,RF,4b3n#,,,4b3n#,,0,,4b3n#,,1,,1,0,4,,b3n#,0,0,0,1,0,0,b3n,b3,b,1,2,1,30-0,0,0,0,0,1,1,,,1
20180128-M-Australian_Open-F-Marin_Cilic-Roger_Federer,135,1,1,0,0,30-0,22,1,0,,2,1,RF,4*,,,4*,,0,,4*,,1,,0,0,4*,,,1,0,0,0,0,0,,,,0,2,1,40-0,0,0,0,0,1,1,,,1
20180128-M-Australian_Open-F-Marin_Cilic-Roger_Federer,136,1,1,0,0,40-0,22,1,0,,2,1,RF,4b38b1n@,,,4b38b1n@,,0,,4b38b1n@,,1,,1,0,4,,b38b1n@,0,0,0,0,1,0,b38b1n,b38b1,bb,2,1,0,40-15,0,0,0,0,1,1,,,2
20180128-M-Australian_Open-F-Marin_Cilic-Roger_Federer,137,1,1,0,0,40-15,22,1,0,,2,1,RF,4r3d#,,,4r3d#,,0,,4r3d#,,1,,1,0,4,,r3d#,0,0,0,1,0,0,r3d,r3,r,1,2,1,GM,2,0,1,0,1,1,,,1
20180128-M-Australian_Open-F-Marin_Cilic-Roger_Federer,138,1,1,0,1,0-0,23,1,0,,1,2,MC,4r17f+3s2d#,,,4r17f+3s2d#,,0,,4r17f+3s2d#,,1,,1,0,4,,r17f+3s2d#,0,0,0,1,0,0,r17f3s2d,r17f3s2,rfs,3,1,1,15-0,0,0,1,0,1,1,,,3
20180128-M-Australian_Open-F-Marin_Cilic-Roger_Federer,139,1,1,0,1,15-0,23,1,0,,1,2,MC,4b38b3b3b3b3b3b3b3b3b2b3b1f1f2b2b3w@,,Federer refuses to go down the line clearly he's lacking confidence in that direction. Doesn't run around the backhand either as his inside-out forehands haven't been anything special.,4b38b3b3b3b3b3b3b3b3b2b3b1f1f2b2b3w@,,0,,4b38b3b3b3b3b3b3b3b3b2b3b1f1f2b2b3w@,,1,,1,0,4,,b38b3b3b3b3b3b3b3b3b2b3b1f1f2b2b3w@,0,0,0,0,1,0,b38b3b3b3b3b3b3b3b3b2b3b1f1f2b2b3w,b38b3b3b3b3b3b3b3b3b2b3b1f1f2b2b3,bbbbbbbbbbbbffbb,16,2,0,15-15,0,0,1,0,1,1,,,16
20180128-M-Australian_Open-F-Marin_Cilic-Roger_Federer,140,1,1,0,1,15-15,23,1,0,,1,2,MC,6d,6s19f3s3b;3n@,,6d,6s19f3s3b;3n@,0,0,6d,6s19f3s3b;3n@,0,1,0,1,6d,6,s19f3s3b;3n@,0,0,0,0,1,0,s19f3s3b3n,s19f3s3b3,sfsb,4,2,0,15-30,0,0,1,0,1,1,,,4
20180128-M-Australian_Open-F-Marin_Cilic-Roger_Federer,141,1,1,0,1,15-30,23,1,0,,1,2,MC,6f27f+1f2n#,,,6f27f+1f2n#,,0,,6f27f+1f2n#,,1,,1,0,6,,f27f+1f2n#,0,0,0,1,0,0,f27f1f2n,f27f1f2,fff,3,1,1,30-30,0,0,1,0,1,1,,,3
20180128-M-Australian_Open-F-Marin_Cilic-Roger_Federer,142,1,1,0,1,30-30,23,1,0,,1,2,MC,6d,6b2d@,Federer attempts to hit through a high kicker instead of slicing it. Fat chance.,6d,6b2d@,0,0,6d,6b2d@,0,1,0,1,6d,6,b2d@,0,0,0,0,1,0,b2d,b2,b,1,1,1,40-30,0,0,1,0,1,1,,,1
20180128-M-Australian_Open-F-Marin_Cilic-Roger_Federer,143,1,1,0,1,40-30,23,1,0,,1,2,MC,4w,4b38b1*,Unlike Federer in the previous game Cilic makes the BHDTL finisher.,4w,4b38b1*,0,0,4w,4b38b1*,0,1,0,1,4w,4,b38b1*,0,0,1,0,0,0,b38b1,b38b1,bb,2,1,1,GM,1,1,1,0,1,1,,,3
20180128-M-Australian_Open-F-Marin_Cilic-Roger_Federer,144,1,1,1,1,0-0,24,1,0,,2,1,RF,4f17*,,Best return of the match so far.,4f17*,,0,,4f17*,,1,,1,0,4,,f17*,0,0,1,0,0,0,f17,f17,f,1,1,0,0-15,0,1,1,0,1,1,,,2
20180128-M-Australian_Open-F-Marin_Cilic-Roger_Federer,145,1,1,1,1,0-15,24,1,0,,2,1,RF,6*,,Right on the line. (Cilic wastes a challenge.),6*,,0,,6*,,1,,0,0,6*,,,1,0,0,0,0,0,,,,0,2,1,15-15,0,1,1,0,1,1,,,1
20180128-M-Australian_Open-F-Marin_Cilic-Roger_Federer,146,1,1,1,1,15-15,24,1,0,,2,1,RF,4*,,"""Serving aces for fun up to 16 now."" LOL!",4*,,0,,4*,,1,,0,0,4*,,,1,0,0,0,0,0,,,,0,2,1,30-15,0,1,1,0,1,1,,,1
20180128-M-Australian_Open-F-Marin_Cilic-Roger_Federer,147,1,1,1,1,30-15,24,1,0,,2,1,RF,6f39f1d@,,,6f39f1d@,,0,,6f39f1d@,,1,,1,0,6,,f39f1d@,0,0,0,0,1,0,f39f1d,f39f1,ff,2,1,0,30-30,0,1,1,0,1,1,,,2
20180128-M-Australian_Open-F-Marin_Cilic-Roger_Federer,148,1,1,1,1,30-30,24,1,0,,2,1,RF,4f19f2b2f2f1f1f3s3b3b3b3n@,,,4f19f2b2f2f1f1f3s3b3b3b3n@,,0,,4f19f2b2f2f1f1f3s3b3b3b3n@,,1,,1,0,4,,f19f2b2f2f1f1f3s3b3b3b3n@,0,0,0,0,1,0,f19f2b2f2f1f1f3s3b3b3b3n,f19f2b2f2f1f1f3s3b3b3b3,ffbffffsbbb,11,2,1,40-30,0,1,1,0,1,1,,,11
20180128-M-Australian_Open-F-Marin_Cilic-Roger_Federer,149,1,1,1,1,40-30,24,1,0,,2,1,RF,4+b3n#,,,4+b3n#,,1,,4b3n#,,1,,1,0,4,,b3n#,0,0,0,1,0,0,b3n,b3,b,1,2,1,GM,2,1,2,0,1,1,,,1
20180128-M-Australian_Open-F-Marin_Cilic-Roger_Federer,150,1,1,1,2,0-0,25,1,0,,1,2,MC,4d,5b39b3b3b1f2f3*,,4d,5b39b3b3b1f2f3*,0,0,4d,5b39b3b3b1f2f3*,0,1,0,1,4d,5,b39b3b3b1f2f3*,0,0,1,0,0,0,b39b3b3b1f2f3,b39b3b3b1f2f3,bbbbff,6,1,1,15-0,0,1,2,0,1,1,,,7
20180128-M-Australian_Open-F-Marin_Cilic-Roger_Federer,151,1,1,1,2,15-0,25,1,0,,1,2,MC,6n,4f39d@,Would've been a stupendous return if only it wasn't a little bit long.,6n,4f39d@,0,0,6n,4f39d@,0,1,0,1,6n,4,f39d@,0,0,0,0,1,0,f39d,f39,f,1,1,1,30-0,0,1,2,0,1,1,,,1
20180128-M-Australian_Open-F-Marin_Cilic-Roger_Federer,152,1,1,1,2,30-0,25,1,0,,1,2,MC,4f17f1f1f+3s2z1x@,,,4f17f1f1f+3s2z1x@,,0,,4f17f1f1f+3s2z1x@,,1,,1,0,4,,f17f1f1f+3s2z1x@,0,0,0,0,1,0,f17f1f1f3s2z1x,f17f1f1f3s2z1,ffffsz,6,2,0,30-15,0,1,2,0,1,1,,,6
20180128-M-Australian_Open-F-Marin_Cilic-Roger_Federer,153,1,1,1,2,30-15,25,1,0,,1,2,MC,6*,,,6*,,0,,6*,,1,,0,0,6*,,,1,0,0,0,0,0,,,,0,1,1,40-15,0,1,2,0,1,1,,,1
20180128-M-Australian_Open-F-Marin_Cilic-Roger_Federer,154,1,1,1,2,40-15,25,1,0,,1,2,MC,4f18f;3b;3n@,,Federer tries to attack off a weakened net cord shot but nets it himself.,4f18f;3b;3n@,,0,,4f18f;3b;3n@,,1,,1,0,4,,f18f;3b;3n@,0,0,0,0,1,0,f18f3b3n,f18f3b3,ffb,3,1,1,GM,1,2,2,0,1,1,,,3
20180128-M-Australian_Open-F-Marin_Cilic-Roger_Federer,155,1,1,2,2,0-0,26,1,0,,2,1,RF,4f19d#,,"""There's nothing to choose between the two of them after the first four games."" Indeed both won 67 points since 4-0 in the 1st.",4f19d#,,0,,4f19d#,,1,,1,0,4,,f19d#,0,0,0,1,0,0,f19d,f19,f,1,2,1,15-0,0,2,2,0,1,1,,,1
20180128-M-Australian_Open-F-Marin_Cilic-Roger_Federer,156,1,1,2,2,15-0,26,1,0,,2,1,RF,4n,5b38b3b1f2n#,,4n,5b38b3b1f2n#,0,0,4n,5b38b3b1f2n#,0,1,0,1,4n,5,b38b3b1f2n#,0,0,0,1,0,0,b38b3b1f2n,b38b3b1f2,bbbf,4,1,0,15-15,0,2,2,0,1,1,,,4
20180128-M-Australian_Open-F-Marin_Cilic-Roger_Federer,157,1,1,2,2,15-15,26,1,0,,2,1,RF,6s3d#,,,6s3d#,,0,,6s3d#,,1,,1,0,6,,s3d#,0,0,0,1,0,0,s3d,s3,s,1,2,1,30-15,0,2,2,0,1,1,,,1
20180128-M-Australian_Open-F-Marin_Cilic-Roger_Federer,158,1,1,2,2,30-15,26,1,0,,2,1,RF,5+f3w#,,,5+f3w#,,1,,5f3w#,,1,,1,0,5,,f3w#,0,0,0,1,0,0,f3w,f3,f,1,2,1,40-15,0,2,2,0,1,1,,,1
20180128-M-Australian_Open-F-Marin_Cilic-Roger_Federer,159,1,1,2,2,40-15,26,1,0,,2,1,RF,4f18*,,,4f18*,,0,,4f18*,,1,,1,0,4,,f18*,0,0,1,0,0,0,f18,f18,f,1,1,0,40-30,0,2,2,0,1,1,,,2
20180128-M-Australian_Open-F-Marin_Cilic-Roger_Federer,160,1,1,2,2,40-30,26,1,0,,2,1,RF,4n,6f1w#,Excellent disguise on that 2nd serve.,4n,6f1w#,0,0,4n,6f1w#,0,1,0,1,4n,6,f1w#,0,0,0,1,0,0,f1w,f1,f,1,2,1,GM,2,2,3,0,1,1,,,1
20180128-M-Australian_Open-F-Marin_Cilic-Roger_Federer,161,1,1,2,3,0-0,27,1,0,,1,2,MC,6s28f+3n@,,,6s28f+3n@,,0,,6s28f+3n@,,1,,1,0,6,,s28f+3n@,0,0,0,0,1,0,s28f3n,s28f3,sf,2,2,0,0-15,0,2,3,0,1,1,,,2
20180128-M-Australian_Open-F-Marin_Cilic-Roger_Federer,162,1,1,2,3,0-15,27,1,0,,1,2,MC,6d,4s39b2f2f3s3b+1f1v3w#,Federer's forehand continues to be toothless but he has other options - here using the short slice to bring Cilic forward then passing him with good margin to force the error.,6d,4s39b2f2f3s3b+1f1v3w#,0,0,6d,4s39b2f2f3s3b+1f1v3w#,0,1,0,1,6d,4,s39b2f2f3s3b+1f1v3w#,0,0,0,1,0,0,s39b2f2f3s3b1f1v3w,s39b2f2f3s3b1f1v3,sbffsbfv,8,2,0,0-30,0,2,3,0,1,1,,,8
20180128-M-Australian_Open-F-Marin_Cilic-Roger_Federer,163,1,1,2,3,0-30,27,1,0,,1,2,MC,6w,5s39b3b3b3s3f1f1f3s3b1f2b1n@,,6w,5s39b3b3b3s3f1f1f3s3b1f2b1n@,0,0,6w,5s39b3b3b3s3f1f1f3s3b1f2b1n@,0,1,0,1,6w,5,s39b3b3b3s3f1f1f3s3b1f2b1n@,0,0,0,0,1,0,s39b3b3b3s3f1f1f3s3b1f2b1n,s39b3b3b3s3f1f1f3s3b1f2b1,sbbbsfffsbfb,12,2,0,0-40,0,2,3,0,1,1,,,12
20180128-M-Australian_Open-F-Marin_Cilic-Roger_Federer,164,1,1,2,3,0-40,27,1,0,,1,2,MC,4n,4s38b3s3f3b3n@,Federer with a sullen look on his face after that miss - topspin backhand cannot be found as of late.,4n,4s38b3s3f3b3n@,0,0,4n,4s38b3s3f3b3n@,0,1,0,1,4n,4,s38b3s3f3b3n@,0,0,0,0,1,0,s38b3s3f3b3n,s38b3s3f3b3,sbsfb,5,1,1,15-40,0,2,3,0,1,1,,,5
20180128-M-Australian_Open-F-Marin_Cilic-Roger_Federer,165,1,1,2,3,15-40,27,1,0,,1,2,MC,4w,6b29f3w@,"A huge ""Come on!""  from Federer delighted after getting the break.",4w,6b29f3w@,0,0,4w,6b29f3w@,0,1,0,1,4w,6,b29f3w@,0,0,0,0,1,0,b29f3w,b29f3,bf,2,2,0,GM,2,2,4,0,1,1,,,2
20180128-M-Australian_Open-F-Marin_Cilic-Roger_Federer,166,1,1,2,4,0-0,28,1,0,,2,1,RF,4n,6b38b3b3b3b3b2d@,Redirecting crosscourt shots down the line still not working for Roger.,4n,6b38b3b3b3b3b2d@,0,0,4n,6b38b3b3b3b3b2d@,0,1,0,1,4n,6,b38b3b3b3b3b2d@,0,0,0,0,1,0,b38b3b3b3b3b2d,b38b3b3b3b3b2,bbbbbb,6,1,0,0-15,0,2,4,0,1,1,,,6
20180128-M-Australian_Open-F-Marin_Cilic-Roger_Federer,167,1,1,2,4,0-15,28,1,0,,2,1,RF,6*,,,6*,,0,,6*,,1,,0,0,6*,,,1,0,0,0,0,0,,,,0,2,1,15-15,0,2,4,0,1,1,,,1
20180128-M-Australian_Open-F-Marin_Cilic-Roger_Federer,168,1,1,2,4,15-15,28,1,0,,2,1,RF,5b29f3b3b2f1f3s3b3b2h=3s3n#,,Cilic manages a surprisingly great short slice to draw Federer out of position then hits a deep backhand - should've gone inside-out but down the middle would ordinarily be good enough still - however Federer comes up with a truly magical baseline half-volley that lands on the sideline and there is nothing anyone could do against that. The best shot of the match without a shred of doubt.,5b29f3b3b2f1f3s3b3b2h=3s3n#,,0,,5b29f3b3b2f1f3s3b3b2h=3s3n#,,1,,1,0,5,,b29f3b3b2f1f3s3b3b2h=3s3n#,0,0,0,1,0,0,b29f3b3b2f1f3s3b3b2h3s3n,b29f3b3b2f1f3s3b3b2h3s3,bfbbffsbbhs,11,2,1,30-15,0,2,4,0,1,1,,,11
20180128-M-Australian_Open-F-Marin_Cilic-Roger_Federer,169,1,1,2,4,30-15,28,1,0,,2,1,RF,6*,,Cilic's challenge goes in vain.,6*,,0,,6*,,1,,0,0,6*,,,1,0,0,0,0,0,,,,0,2,1,40-15,0,2,4,0,1,1,,,1
20180128-M-Australian_Open-F-Marin_Cilic-Roger_Federer,170,1,1,2,4,40-15,28,1,0,,2,1,RF,4d,4f29f2f3y1n@,,4d,4f29f2f3y1n@,0,0,4d,4f29f2f3y1n@,0,1,0,1,4d,4,f29f2f3y1n@,0,0,0,0,1,0,f29f2f3y1n,f29f2f3y1,fffy,4,1,0,40-30,0,2,4,0,1,1,,,4
20180128-M-Australian_Open-F-Marin_Cilic-Roger_Federer,171,1,1,2,4,40-30,28,1,0,,2,1,RF,6w,4b3d@,,6w,4b3d@,0,0,6w,4b3d@,0,1,0,1,6w,4,b3d@,0,0,0,0,1,0,b3d,b3,b,1,2,1,GM,2,2,5,0,1,1,,,1
20180128-M-Australian_Open-F-Marin_Cilic-Roger_Federer,172,1,1,2,5,0-0,29,1,0,,1,2,MC,6d,6b1n@,,6d,6b1n@,0,0,6d,6b1n@,0,1,0,1,6d,6,b1n@,0,0,0,0,1,0,b1n,b1,b,1,1,1,15-0,0,2,5,0,1,1,,,1
20180128-M-Australian_Open-F-Marin_Cilic-Roger_Federer,173,1,1,2,5,15-0,29,1,0,,1,2,MC,6f2d#,,,6f2d#,,0,,6f2d#,,1,,1,0,6,,f2d#,0,0,0,1,0,0,f2d,f2,f,1,1,1,30-0,0,2,5,0,1,1,,,1
20180128-M-Australian_Open-F-Marin_Cilic-Roger_Federer,174,1,1,2,5,30-0,29,1,0,,1,2,MC,6s28f3s3f3b2f2f3w@,,Gets an easy floater and miscues it completely not great.,6s28f3s3f3b2f2f3w@,,0,,6s28f3s3f3b2f2f3w@,,1,,1,0,6,,s28f3s3f3b2f2f3w@,0,0,0,0,1,0,s28f3s3f3b2f2f3w,s28f3s3f3b2f2f3,sfsfbff,7,1,1,40-0,0,2,5,0,1,1,,,7
20180128-M-Australian_Open-F-Marin_Cilic-Roger_Federer,175,1,1,2,5,40-0,29,1,0,,1,2,MC,6f1w#,,,6f1w#,,0,,6f1w#,,1,,1,0,6,,f1w#,0,0,0,1,0,0,f1w,f1,f,1,1,1,GM,1,3,5,0,1,1,,,1
20180128-M-Australian_Open-F-Marin_Cilic-Roger_Federer,176,1,1,3,5,0-0,30,1,0,,2,1,RF,6b27f3*,,Finally a great forehand from Federer it's been a while.,6b27f3*,,0,,6b27f3*,,1,,1,0,6,,b27f3*,0,0,1,0,0,0,b27f3,b27f3,bf,2,2,1,15-0,0,3,5,0,1,1,,,3
20180128-M-Australian_Open-F-Marin_Cilic-Roger_Federer,177,1,1,3,5,15-0,30,1,0,,2,1,RF,4b3n#,,,4b3n#,,0,,4b3n#,,1,,1,0,4,,b3n#,0,0,0,1,0,0,b3n,b3,b,1,2,1,30-0,0,3,5,0,1,1,,,1
20180128-M-Australian_Open-F-Marin_Cilic-Roger_Federer,178,1,1,3,5,30-0,30,1,0,,2,1,RF,4f1n#,,,4f1n#,,0,,4f1n#,,1,,1,0,4,,f1n#,0,0,0,1,0,0,f1n,f1,f,1,2,1,40-0,0,3,5,0,1,1,,,1
20180128-M-Australian_Open-F-Marin_Cilic-Roger_Federer,179,1,1,3,5,40-0,30,1,0,,2,1,RF,4*,,,4*,,0,,4*,,1,,0,0,4*,,,1,0,0,0,0,0,,,,0,2,1,GM,2,3,6,2,1,2,,,1
20180128-M-Australian_Open-F-Marin_Cilic-Roger_Federer,180,1,2,0,0,0-0,31,1,0,,1,2,MC,6*,,,6*,,0,,6*,,1,,0,0,6*,,,1,0,0,0,0,0,,,,0,1,1,15-0,0,0,0,0,1,2,,,1
20180128-M-Australian_Open-F-Marin_Cilic-Roger_Federer,181,1,2,0,0,15-0,31,1,0,,1,2,MC,4s3n#,,,4s3n#,,0,,4s3n#,,1,,1,0,4,,s3n#,0,0,0,1,0,0,s3n,s3,s,1,1,1,30-0,0,0,0,0,1,2,,,1
20180128-M-Australian_Open-F-Marin_Cilic-Roger_Federer,182,1,2,0,0,30-0,31,1,0,,1,2,MC,6s28f1d@,,,6s28f1d@,,0,,6s28f1d@,,1,,1,0,6,,s28f1d@,0,0,0,0,1,0,s28f1d,s28f1,sf,2,2,0,30-15,0,0,0,0,1,2,,,2
20180128-M-Australian_Open-F-Marin_Cilic-Roger_Federer,183,1,2,0,0,30-15,31,1,0,,1,2,MC,6f29f1f1f1n@,,,6f29f1f1f1n@,,0,,6f29f1f1f1n@,,1,,1,0,6,,f29f1f1f1n@,0,0,0,0,1,0,f29f1f1f1n,f29f1f1f1,ffff,4,2,0,30-30,0,0,0,0,1,2,,,4
20180128-M-Australian_Open-F-Marin_Cilic-Roger_Federer,184,1,2,0,0,30-30,31,1,0,,1,2,MC,5b38b2b3b3n@,,,5b38b2b3b3n@,,0,,5b38b2b3b3n@,,1,,1,0,5,,b38b2b3b3n@,0,0,0,0,1,0,b38b2b3b3n,b38b2b3b3,bbbb,4,2,0,30-40,0,0,0,0,1,2,,,4
20180128-M-Australian_Open-F-Marin_Cilic-Roger_Federer,185,1,2,0,0,30-40,31,1,0,,1,2,MC,4s37s3n@,,Federer pulls Cilic wide with a shallow slice return. Cilic in his befuddled state only manages a half-hearted slice that hugs the net.,4s37s3n@,,0,,4s37s3n@,,1,,1,0,4,,s37s3n@,0,0,0,0,1,0,s37s3n,s37s3,ss,2,2,0,GM,2,0,1,0,1,2,,,2
20180128-M-Australian_Open-F-Marin_Cilic-Roger_Federer,186,1,2,0,1,0-0,32,1,0,,2,1,RF,4f;38b3b1v1*,,Sweet low backhand and a classy volley behind the service line.,4f;38b3b1v1*,,0,,4f;38b3b1v1*,,1,,1,0,4,,f;38b3b1v1*,0,0,1,0,0,0,f38b3b1v1,f38b3b1v1,fbbv,4,2,1,15-0,0,0,1,0,1,2,,,5
20180128-M-Australian_Open-F-Marin_Cilic-Roger_Federer,187,1,2,0,1,15-0,32,1,0,,2,1,RF,4d,5f39i=3f1f1f3n#,"""He is unstoppable right now. He's seizing the match by the throat."" Sure looks like it at the moment.",4d,5f39i=3f1f1f3n#,0,0,4d,5f39i=3f1f1f3n#,0,1,0,1,4d,5,f39i=3f1f1f3n#,0,0,0,1,0,0,f39i3f1f1f3n,f39i3f1f1f3,fifff,5,2,1,30-0,0,0,1,0,1,2,,,5
20180128-M-Australian_Open-F-Marin_Cilic-Roger_Federer,188,1,2,0,1,30-0,32,1,0,,2,1,RF,5+f2n#,,,5+f2n#,,1,,5f2n#,,1,,1,0,5,,f2n#,0,0,0,1,0,0,f2n,f2,f,1,2,1,40-0,0,0,1,0,1,2,,,1
20180128-M-Australian_Open-F-Marin_Cilic-Roger_Federer,189,1,2,0,1,40-0,32,1,0,,2,1,RF,6d,4b37*,,6d,4b37*,0,0,6d,4b37*,0,1,0,1,6d,4,b37*,0,0,1,0,0,0,b37,b37,b,1,1,0,40-15,0,0,1,0,1,2,,,2
20180128-M-Australian_Open-F-Marin_Cilic-Roger_Federer,190,1,2,0,1,40-15,32,1,0,,2,1,RF,4n,6b3n#,,4n,6b3n#,0,0,4n,6b3n#,0,1,0,1,4n,6,b3n#,0,0,0,1,0,0,b3n,b3,b,1,2,1,GM,2,0,2,0,1,2,,,1
20180128-M-Australian_Open-F-Marin_Cilic-Roger_Federer,191,1,2,0,2,0-0,33,1,0,,1,2,MC,4f3x#,,,4f3x#,,0,,4f3x#,,1,,1,0,4,,f3x#,0,0,0,1,0,0,f3x,f3,f,1,1,1,15-0,0,0,2,0,1,2,,,1
20180128-M-Australian_Open-F-Marin_Cilic-Roger_Federer,192,1,2,0,2,15-0,33,1,0,,1,2,MC,4d,4w,,4d,4w,0,0,4d,4w,0,0,0,0,4d,4w,,0,0,0,0,0,1,,,,0,2,0,15-15,0,0,2,0,1,2,,,0
20180128-M-Australian_Open-F-Marin_Cilic-Roger_Federer,193,1,2,0,2,15-15,33,1,0,,1,2,MC,4f19*,,,4f19*,,0,,4f19*,,1,,1,0,4,,f19*,0,0,1,0,0,0,f19,f19,f,1,2,0,15-30,0,0,2,0,1,2,,,2
20180128-M-Australian_Open-F-Marin_Cilic-Roger_Federer,194,1,2,0,2,15-30,33,1,0,,1,2,MC,c4s38f1*,,,4s38f1*,,0,,4s38f1*,,1,,1,0,4,,s38f1*,0,0,1,0,0,0,s38f1,s38f1,sf,2,1,1,30-30,0,0,2,0,1,2,,,3
20180128-M-Australian_Open-F-Marin_Cilic-Roger_Federer,195,1,2,0,2,30-30,33,1,0,,1,2,MC,4n,6n,Federer seems to be in full flight with the wings of confidence while Cilic is falling one point away from going a double break down and then a Federer victory would be all but assured. The ensuing turnaround wasn't something to be expectedÉ,4n,6n,0,0,4n,6n,0,0,0,0,4n,6n,,0,0,0,0,0,1,,,,0,2,0,30-40,0,0,2,0,1,2,,,0
20180128-M-Australian_Open-F-Marin_Cilic-Roger_Federer,196,1,2,0,2,30-40,33,1,0,,1,2,MC,6d,6f28f2f1f1f2f3s3f1*,,6d,6f28f2f1f1f2f3s3f1*,0,0,6d,6f28f2f1f1f2f3s3f1*,0,1,0,1,6d,6,f28f2f1f1f2f3s3f1*,0,0,1,0,0,0,f28f2f1f1f2f3s3f1,f28f2f1f1f2f3s3f1,ffffffsf,8,1,1,40-40,0,0,2,0,1,2,,,9
20180128-M-Australian_Open-F-Marin_Cilic-Roger_Federer,197,1,2,0,2,40-40,33,1,0,,1,2,MC,6*,,,6*,,0,,6*,,1,,0,0,6*,,,1,0,0,0,0,0,,,,0,1,1,AD-40,0,0,2,0,1,2,,,1
20180128-M-Australian_Open-F-Marin_Cilic-Roger_Federer,198,1,2,0,2,AD-40,33,1,0,,1,2,MC,6f29f3b2f3s3n#,,,6f29f3b2f3s3n#,,0,,6f29f3b2f3s3n#,,1,,1,0,6,,f29f3b2f3s3n#,0,0,0,1,0,0,f29f3b2f3s3n,f29f3b2f3s3,ffbfs,5,1,1,GM,1,1,2,0,1,2,,,5
20180128-M-Australian_Open-F-Marin_Cilic-Roger_Federer,199,1,2,1,2,0-0,34,1,0,,2,1,RF,4f18f+3s3z1*,,,4f18f+3s3z1*,,0,,4f18f+3s3z1*,,1,,1,0,4,,f18f+3s3z1*,0,0,1,0,0,0,f18f3s3z1,f18f3s3z1,ffsz,4,2,1,15-0,0,1,2,0,1,2,,,5
20180128-M-Australian_Open-F-Marin_Cilic-Roger_Federer,200,1,2,1,2,15-0,34,1,0,,2,1,RF,4+b38z1*,,That return was going out but Federer volleyed it anyway. Certainly made for a prettier point.,4+b38z1*,,1,,4b38z1*,,1,,1,0,4,,b38z1*,0,0,1,0,0,0,b38z1,b38z1,bz,2,2,1,30-0,0,1,2,0,1,2,,,3
20180128-M-Australian_Open-F-Marin_Cilic-Roger_Federer,201,1,2,1,2,30-0,34,1,0,,2,1,RF,6w,4f3w#,,6w,4f3w#,0,0,6w,4f3w#,0,1,0,1,6w,4,f3w#,0,0,0,1,0,0,f3w,f3,f,1,2,1,40-0,0,1,2,0,1,2,,,1
20180128-M-Australian_Open-F-Marin_Cilic-Roger_Federer,202,1,2,1,2,40-0,34,1,0,,2,1,RF,6d,4b37y1*,Federer changes racquets between the games. Maybe that was a factor as well hmm.,6d,4b37y1*,0,0,6d,4b37y1*,0,1,0,1,6d,4,b37y1*,0,0,1,0,0,0,b37y1,b37y1,by,2,2,1,GM,2,1,3,0,1,2,,,3
20180128-M-Australian_Open-F-Marin_Cilic-Roger_Federer,203,1,2,1,3,0-0,35,1,0,,1,2,MC,4f1d#,,,4f1d#,,0,,4f1d#,,1,,1,0,4,,f1d#,0,0,0,1,0,0,f1d,f1,f,1,1,1,15-0,0,1,3,0,1,2,,,1
20180128-M-Australian_Open-F-Marin_Cilic-Roger_Federer,204,1,2,1,3,15-0,35,1,0,,1,2,MC,4b3d#,,,4b3d#,,0,,4b3d#,,1,,1,0,4,,b3d#,0,0,0,1,0,0,b3d,b3,b,1,1,1,30-0,0,1,3,0,1,2,,,1
20180128-M-Australian_Open-F-Marin_Cilic-Roger_Federer,205,1,2,1,3,30-0,35,1,0,,1,2,MC,4w,6s+38b3n@,,4w,6s+38b3n@,0,0,4w,6s+38b3n@,0,1,0,1,4w,6,s+38b3n@,0,0,0,0,1,0,s38b3n,s38b3,sb,2,2,0,30-15,0,1,3,0,1,2,,,2
20180128-M-Australian_Open-F-Marin_Cilic-Roger_Federer,206,1,2,1,3,30-15,35,1,0,,1,2,MC,6f38f3b1w@,,,6f38f3b1w@,,0,,6f38f3b1w@,,1,,1,0,6,,f38f3b1w@,0,0,0,0,1,0,f38f3b1w,f38f3b1,ffb,3,1,1,40-15,0,1,3,0,1,2,,,3
20180128-M-Australian_Open-F-Marin_Cilic-Roger_Federer,207,1,2,1,3,40-15,35,1,0,,1,2,MC,6*,,Federer hasn't been using challenges recently must be keeping them for crunch time.,6*,,0,,6*,,1,,0,0,6*,,,1,0,0,0,0,0,,,,0,1,1,GM,1,2,3,0,1,2,,,1
20180128-M-Australian_Open-F-Marin_Cilic-Roger_Federer,208,1,2,2,3,0-0,36,1,0,,2,1,RF,4w,4f18f2f1f2n@,,4w,4f18f2f1f2n@,0,0,4w,4f18f2f1f2n@,0,1,0,1,4w,4,f18f2f1f2n@,0,0,0,0,1,0,f18f2f1f2n,f18f2f1f2,ffff,4,1,0,0-15,0,2,3,0,1,2,,,4
20180128-M-Australian_Open-F-Marin_Cilic-Roger_Federer,209,1,2,2,3,0-15,36,1,0,,2,1,RF,6f39i=2d#,,,6f39i=2d#,,0,,6f39i=2d#,,1,,1,0,6,,f39i=2d#,0,0,0,1,0,0,f39i2d,f39i2,fi,2,1,0,0-30,0,2,3,0,1,2,,,2
20180128-M-Australian_Open-F-Marin_Cilic-Roger_Federer,210,1,2,2,3,0-30,36,1,0,,2,1,RF,6d,4d,Federer throws away a challenge on an obviously long serve using it to buy himself extra time to regroup. Too bad it didn't work.,6d,4d,0,0,6d,4d,0,0,0,0,6d,4d,,0,0,0,0,0,1,,,,0,1,0,0-40,0,2,3,0,1,2,,,0
20180128-M-Australian_Open-F-Marin_Cilic-Roger_Federer,211,1,2,2,3,0-40,36,1,0,,2,1,RF,6n,4b27f2f1f1#,Federer's serve and forehand in serious disarray from now on until mid-5th set.,6n,4b27f2f1f1#,0,0,6n,4b27f2f1f1#,0,1,0,1,6n,4,b27f2f1f1#,0,0,0,1,0,0,b27f2f1f1,b27f2f1f1,bfff,4,1,0,GM,1,3,3,0,1,2,,,4
20180128-M-Australian_Open-F-Marin_Cilic-Roger_Federer,212,1,2,3,3,0-0,37,1,0,,1,2,MC,4w,6b27b3s3b3b3w@,A bad call on the first rally - the challenge reveals Cilic's shot caught the inside of the line. The point is replayed Cilic wins it.,4w,6b27b3s3b3b3w@,0,0,4w,6b27b3s3b3b3w@,0,1,0,1,4w,6,b27b3s3b3b3w@,0,0,0,0,1,0,b27b3s3b3b3w,b27b3s3b3b3,bbsbb,5,1,1,15-0,0,3,3,0,1,2,,,5
20180128-M-Australian_Open-F-Marin_Cilic-Roger_Federer,213,1,2,3,3,15-0,37,1,0,,1,2,MC,4s37s3f;3b2n#,,A crafty short slice return to set up the I/O FH which jumps off the net a bit and throws Cilic off.,4s37s3f;3b2n#,,0,,4s37s3f;3b2n#,,1,,1,0,4,,s37s3f;3b2n#,0,0,0,1,0,0,s37s3f3b2n,s37s3f3b2,ssfb,4,2,0,15-15,0,3,3,0,1,2,,,4
20180128-M-Australian_Open-F-Marin_Cilic-Roger_Federer,214,1,2,3,3,15-15,37,1,0,,1,2,MC,4r28f1*,,[Both players stand at 35 winners at the moment.],4r28f1*,,0,,4r28f1*,,1,,1,0,4,,r28f1*,0,0,1,0,0,0,r28f1,r28f1,rf,2,1,1,30-15,0,3,3,0,1,2,,,3
20180128-M-Australian_Open-F-Marin_Cilic-Roger_Federer,215,1,2,3,3,30-15,37,1,0,,1,2,MC,4n,4d,,4n,4d,0,0,4n,4d,0,0,0,0,4n,4d,,0,0,0,0,0,1,,,,0,2,0,30-30,0,3,3,0,1,2,,,0
20180128-M-Australian_Open-F-Marin_Cilic-Roger_Federer,216,1,2,3,3,30-30,37,1,0,,1,2,MC,6w,5b18f3b3b3b3b3n@,,6w,5b18f3b3b3b3b3n@,0,0,6w,5b18f3b3b3b3b3n@,0,1,0,1,6w,5,b18f3b3b3b3b3n@,0,0,0,0,1,0,b18f3b3b3b3b3n,b18f3b3b3b3b3,bfbbbb,6,2,0,30-40,0,3,3,0,1,2,,,6
20180128-M-Australian_Open-F-Marin_Cilic-Roger_Federer,217,1,2,3,3,30-40,37,1,0,,1,2,MC,4s37f+1l1o1*,,,4s37f+1l1o1*,,0,,4s37f+1l1o1*,,1,,1,0,4,,s37f+1l1o1*,0,0,1,0,0,0,s37f1l1o1,s37f1l1o1,sflo,4,1,1,40-40,0,3,3,0,1,2,,,5
20180128-M-Australian_Open-F-Marin_Cilic-Roger_Federer,218,1,2,3,3,40-40,37,1,0,,1,2,MC,6*,,,6*,,0,,6*,,1,,0,0,6*,,,1,0,0,0,0,0,,,,0,1,1,AD-40,0,3,3,0,1,2,,,1
20180128-M-Australian_Open-F-Marin_Cilic-Roger_Federer,219,1,2,3,3,AD-40,37,1,0,,1,2,MC,6f1n#,,,6f1n#,,0,,6f1n#,,1,,1,0,6,,f1n#,0,0,0,1,0,0,f1n,f1,f,1,1,1,GM,1,4,3,0,1,2,,,1
20180128-M-Australian_Open-F-Marin_Cilic-Roger_Federer,220,1,2,4,3,0-0,38,1,0,,2,1,RF,5d,5b39b3n@,,5d,5b39b3n@,0,0,5d,5b39b3n@,0,1,0,1,5d,5,b39b3n@,0,0,0,0,1,0,b39b3n,b39b3,bb,2,1,0,0-15,0,4,3,0,1,2,,,2
20180128-M-Australian_Open-F-Marin_Cilic-Roger_Federer,221,1,2,4,3,0-15,38,1,0,,2,1,RF,4n,6f28f3b3f1f1r2n#,,4n,6f28f3b3f1f1r2n#,0,0,4n,6f28f3b3f1f1r2n#,0,1,0,1,4n,6,f28f3b3f1f1r2n#,0,0,0,1,0,0,f28f3b3f1f1r2n,f28f3b3f1f1r2,ffbffr,6,1,0,0-30,0,4,3,0,1,2,,,6
20180128-M-Australian_Open-F-Marin_Cilic-Roger_Federer,222,1,2,4,3,0-30,38,1,0,,2,1,RF,4f28b3s3n#,,At last a good shot to win a point on serve.,4f28b3s3n#,,0,,4f28b3s3n#,,1,,1,0,4,,f28b3s3n#,0,0,0,1,0,0,f28b3s3n,f28b3s3,fbs,3,2,1,15-30,0,4,3,0,1,2,,,3
20180128-M-Australian_Open-F-Marin_Cilic-Roger_Federer,223,1,2,4,3,15-30,38,1,0,,2,1,RF,6f28f3w@,,,6f28f3w@,,0,,6f28f3w@,,1,,1,0,6,,f28f3w@,0,0,0,0,1,0,f28f3w,f28f3,ff,2,1,0,15-40,0,4,3,0,1,2,,,2
20180128-M-Australian_Open-F-Marin_Cilic-Roger_Federer,224,1,2,4,3,15-40,38,1,0,,2,1,RF,6d,4f19f1f2f1f1f3b2d@,,6d,4f19f1f2f1f1f3b2d@,0,0,6d,4f19f1f2f1f1f3b2d@,0,1,0,1,6d,4,f19f1f2f1f1f3b2d@,0,0,0,0,1,0,f19f1f2f1f1f3b2d,f19f1f2f1f1f3b2,ffffffb,7,2,1,30-40,0,4,3,0,1,2,,,7
20180128-M-Australian_Open-F-Marin_Cilic-Roger_Federer,225,1,2,4,3,30-40,38,1,0,,2,1,RF,4d,4b3w@,Federer entertains the crowd by hitting the returned ball off a missed serve right into the ballgirl's hands again.,4d,4b3w@,0,0,4d,4b3w@,0,1,0,1,4d,4,b3w@,0,0,0,0,1,0,b3w,b3,b,1,2,1,40-40,0,4,3,0,1,2,,,1
20180128-M-Australian_Open-F-Marin_Cilic-Roger_Federer,226,1,2,4,3,40-40,38,1,0,,2,1,RF,6s1d#,,,6s1d#,,0,,6s1d#,,1,,1,0,6,,s1d#,0,0,0,1,0,0,s1d,s1,s,1,2,1,AD-40,0,4,3,0,1,2,,,1
20180128-M-Australian_Open-F-Marin_Cilic-Roger_Federer,227,1,2,4,3,AD-40,38,1,0,,2,1,RF,c4n,5f28b3f3b3f2f2f2f2b3s1f1f2b2s3b3b2f1*,If only the let serve was a millimeter higher it would've been an ace. Tough luck for Federer as several of his serves just touch the net cord. But as for rally some truly top quality there for a change with several shots landing near the lines. Cilic finding confidence and showing mental composure here strong effort from him.,4n,5f28b3f3b3f2f2f2f2b3s1f1f2b2s3b3b2f1*,0,0,4n,5f28b3f3b3f2f2f2f2b3s1f1f2b2s3b3b2f1*,0,1,0,1,4n,5,f28b3f3b3f2f2f2f2b3s1f1f2b2s3b3b2f1*,0,0,1,0,0,0,f28b3f3b3f2f2f2f2b3s1f1f2b2s3b3b2f1,f28b3f3b3f2f2f2f2b3s1f1f2b2s3b3b2f1,fbfbffffbsffbsbbf,17,1,0,40-40,0,4,3,0,1,2,,,18
20180128-M-Australian_Open-F-Marin_Cilic-Roger_Federer,228,1,2,4,3,40-40,38,1,0,,2,1,RF,4n,4*,,4n,4*,0,0,4n,4*,0,1,0,0,4n,4*,,1,0,0,0,0,0,,,,0,2,1,AD-40,0,4,3,0,1,2,,,1
20180128-M-Australian_Open-F-Marin_Cilic-Roger_Federer,229,1,2,4,3,AD-40,38,1,0,,2,1,RF,6w,4b37*,A brave 2nd serve ace followed by a cautious spinner that Cilic tees offÉ,6w,4b37*,0,0,6w,4b37*,0,1,0,1,6w,4,b37*,0,0,1,0,0,0,b37,b37,b,1,1,0,40-40,0,4,3,0,1,2,,,2
20180128-M-Australian_Open-F-Marin_Cilic-Roger_Federer,230,1,2,4,3,40-40,38,1,0,,2,1,RF,4w,6b27f3b2f1f1f1f1f1f2b3w@,Cilic's last forehand was almost a half-volley which threw Federer off. Again great effort. Federer loses another challenge.,4w,6b27f3b2f1f1f1f1f1f2b3w@,0,0,4w,6b27f3b2f1f1f1f1f1f2b3w@,0,1,0,1,4w,6,b27f3b2f1f1f1f1f1f2b3w@,0,0,0,0,1,0,b27f3b2f1f1f1f1f1f2b3w,b27f3b2f1f1f1f1f1f2b3,bfbffffffb,10,1,0,40-AD,0,4,3,0,1,2,,,10
20180128-M-Australian_Open-F-Marin_Cilic-Roger_Federer,231,1,2,4,3,40-AD,38,1,0,,2,1,RF,6f28f3b3s2f1r2f3*,,Another slice from a neutral position another point lost.,6f28f3b3s2f1r2f3*,,0,,6f28f3b3s2f1r2f3*,,1,,1,0,6,,f28f3b3s2f1r2f3*,0,0,1,0,0,0,f28f3b3s2f1r2f3,f28f3b3s2f1r2f3,ffbsfrf,7,1,0,GM,1,5,3,0,1,2,,,8
20180128-M-Australian_Open-F-Marin_Cilic-Roger_Federer,232,1,2,5,3,0-0,39,1,0,,1,2,MC,4f39b+3s2z1*,,Cilic's unreturned 1st serve is called out but his challenge proves right. He has to serve again good thing he still wins the point.,4f39b+3s2z1*,,0,,4f39b+3s2z1*,,1,,1,0,4,,f39b+3s2z1*,0,0,1,0,0,0,f39b3s2z1,f39b3s2z1,fbsz,4,1,1,15-0,0,5,3,0,1,2,,,5
20180128-M-Australian_Open-F-Marin_Cilic-Roger_Federer,233,1,2,5,3,15-0,39,1,0,,1,2,MC,6f39i=3b3f3b1n@,,Still no good angle redirection.,6f39i=3b3f3b1n@,,0,,6f39i=3b3f3b1n@,,1,,1,0,6,,f39i=3b3f3b1n@,0,0,0,0,1,0,f39i3b3f3b1n,f39i3b3f3b1,fibfb,5,1,1,30-0,0,5,3,0,1,2,,,5
20180128-M-Australian_Open-F-Marin_Cilic-Roger_Federer,234,1,2,5,3,30-0,39,1,0,,1,2,MC,4#,,,4#,,0,,4#,,1,,0,0,4#,,,0,1,0,0,0,0,,,,0,1,1,40-0,0,5,3,0,1,2,,,1
20180128-M-Australian_Open-F-Marin_Cilic-Roger_Federer,235,1,2,5,3,40-0,39,1,0,,1,2,MC,6f2d#,,,6f2d#,,0,,6f2d#,,1,,1,0,6,,f2d#,0,0,0,1,0,0,f2d,f2,f,1,1,1,GM,1,6,3,1,2,2,,,1
20180128-M-Australian_Open-F-Marin_Cilic-Roger_Federer,236,2,2,0,0,0-0,40,0,0,,2,1,RF,4f1n#,,,4f1n#,,0,,4f1n#,,1,,1,0,4,,f1n#,0,0,0,1,0,0,f1n,f1,f,1,2,1,15-0,0,0,0,0,2,2,,,1
20180128-M-Australian_Open-F-Marin_Cilic-Roger_Federer,237,2,2,0,0,15-0,40,0,0,,2,1,RF,4*,,,4*,,0,,4*,,1,,0,0,4*,,,1,0,0,0,0,0,,,,0,2,1,30-0,0,0,0,0,2,2,,,1
20180128-M-Australian_Open-F-Marin_Cilic-Roger_Federer,238,2,2,0,0,30-0,40,0,0,,2,1,RF,4f17f2b3b2f1f1f1f3b3b1d@,,,4f17f2b3b2f1f1f1f3b3b1d@,,0,,4f17f2b3b2f1f1f1f3b3b1d@,,1,,1,0,4,,f17f2b3b2f1f1f1f3b3b1d@,0,0,0,0,1,0,f17f2b3b2f1f1f1f3b3b1d,f17f2b3b2f1f1f1f3b3b1,ffbbffffbb,10,1,0,30-15,0,0,0,0,2,2,,,10
20180128-M-Australian_Open-F-Marin_Cilic-Roger_Federer,239,2,2,0,0,30-15,40,0,0,,2,1,RF,4n,5f29b3b1f2n@,Ljubicic maintains a cool and collected expression.,4n,5f29b3b1f2n@,0,0,4n,5f29b3b1f2n@,0,1,0,1,4n,5,f29b3b1f2n@,0,0,0,0,1,0,f29b3b1f2n,f29b3b1f2,fbbf,4,1,0,30-30,0,0,0,0,2,2,,,4
20180128-M-Australian_Open-F-Marin_Cilic-Roger_Federer,240,2,2,0,0,30-30,40,0,0,,2,1,RF,5b28b2b3b2f1f2f1w@,,Federer's defensive forehand loop lands on the baseline which momentarily confuses Cilic - he ends up striking a bit late and misses.,5b28b2b3b2f1f2f1w@,,0,,5b28b2b3b2f1f2f1w@,,1,,1,0,5,,b28b2b3b2f1f2f1w@,0,0,0,0,1,0,b28b2b3b2f1f2f1w,b28b2b3b2f1f2f1,bbbbfff,7,2,1,40-30,0,0,0,0,2,2,,,7
20180128-M-Australian_Open-F-Marin_Cilic-Roger_Federer,241,2,2,0,0,40-30,40,0,0,,2,1,RF,4b38b2f1r3b1l2o3*,,"Cilic's backhand was actually a tiny bit long (confirmed by ""TV Hawk-Eye"" replay) but nobody on court noticed it.",4b38b2f1r3b1l2o3*,,0,,4b38b2f1r3b1l2o3*,,1,,1,0,4,,b38b2f1r3b1l2o3*,0,0,1,0,0,0,b38b2f1r3b1l2o3,b38b2f1r3b1l2o3,bbfrblo,7,1,0,40-40,0,0,0,0,2,2,,,8
20180128-M-Australian_Open-F-Marin_Cilic-Roger_Federer,242,2,2,0,0,40-40,40,0,0,,2,1,RF,4w,6b28f3n@,,4w,6b28f3n@,0,0,4w,6b28f3n@,0,1,0,1,4w,6,b28f3n@,0,0,0,0,1,0,b28f3n,b28f3,bf,2,1,0,40-AD,0,0,0,0,2,2,,,2
20180128-M-Australian_Open-F-Marin_Cilic-Roger_Federer,243,2,2,0,0,40-AD,40,0,0,,2,1,RF,6x,6f1n@,,6x,6f1n@,0,0,6x,6f1n@,0,1,0,1,6x,6,f1n@,0,0,0,0,1,0,f1n,f1,f,1,2,1,40-40,0,0,0,0,2,2,,,1
20180128-M-Australian_Open-F-Marin_Cilic-Roger_Federer,244,2,2,0,0,40-40,40,0,0,,2,1,RF,6b29f1f3s3d#,,,6b29f1f3s3d#,,0,,6b29f1f3s3d#,,1,,1,0,6,,b29f1f3s3d#,0,0,0,1,0,0,b29f1f3s3d,b29f1f3s3,bffs,4,1,0,40-AD,0,0,0,0,2,2,,,4
20180128-M-Australian_Open-F-Marin_Cilic-Roger_Federer,245,2,2,0,0,40-AD,40,0,0,,2,1,RF,6f3x#,,"""CHUM JETZE!""",6f3x#,,0,,6f3x#,,1,,1,0,6,,f3x#,0,0,0,1,0,0,f3x,f3,f,1,2,1,40-40,0,0,0,0,2,2,,,1
20180128-M-Australian_Open-F-Marin_Cilic-Roger_Federer,246,2,2,0,0,40-40,40,0,0,,2,1,RF,6b28f1f1w@,,,6b28f1f1w@,,0,,6b28f1f1w@,,1,,1,0,6,,b28f1f1w@,0,0,0,0,1,0,b28f1f1w,b28f1f1,bff,3,2,1,AD-40,0,0,0,0,2,2,,,3
20180128-M-Australian_Open-F-Marin_Cilic-Roger_Federer,247,2,2,0,0,AD-40,40,0,0,,2,1,RF,4w,6f19f2f2b2f3b2f3b3f3b3b3b3b3b3*,Terrific angled backhand here. Cilic wastes a challenge.,4w,6f19f2f2b2f3b2f3b3f3b3b3b3b3b3*,0,0,4w,6f19f2f2b2f3b2f3b3f3b3b3b3b3b3*,0,1,0,1,4w,6,f19f2f2b2f3b2f3b3f3b3b3b3b3b3*,0,0,1,0,0,0,f19f2f2b2f3b2f3b3f3b3b3b3b3b3,f19f2f2b2f3b2f3b3f3b3b3b3b3b3,fffbfbfbfbbbbb,14,2,1,GM,2,0,1,0,2,2,,,15
20180128-M-Australian_Open-F-Marin_Cilic-Roger_Federer,248,2,2,0,1,0-0,41,0,0,,1,2,MC,6n,6b3n@,"A linesman calls Cilic's serve out only to correct himself a moment later so the point must be replayed. Federer challenges in vain. ""Nice call buddy"" he quips afterwards.",6n,6b3n@,0,0,6n,6b3n@,0,1,0,1,6n,6,b3n@,0,0,0,0,1,0,b3n,b3,b,1,1,1,15-0,0,0,1,0,2,2,,,1
20180128-M-Australian_Open-F-Marin_Cilic-Roger_Federer,249,2,2,0,1,15-0,41,0,0,,1,2,MC,c4s38f3d@,,,4s38f3d@,,0,,4s38f3d@,,1,,1,0,4,,s38f3d@,0,0,0,0,1,0,s38f3d,s38f3,sf,2,2,0,15-15,0,0,1,0,2,2,,,2
20180128-M-Australian_Open-F-Marin_Cilic-Roger_Federer,250,2,2,0,1,15-15,41,0,0,,1,2,MC,6n,6d,,6n,6d,0,0,6n,6d,0,0,0,0,6n,6d,,0,0,0,0,0,1,,,,0,2,0,15-30,0,0,1,0,2,2,,,0
20180128-M-Australian_Open-F-Marin_Cilic-Roger_Federer,251,2,2,0,1,15-30,41,0,0,,1,2,MC,4s3d#,,,4s3d#,,0,,4s3d#,,1,,1,0,4,,s3d#,0,0,0,1,0,0,s3d,s3,s,1,1,1,30-30,0,0,1,0,2,2,,,1
20180128-M-Australian_Open-F-Marin_Cilic-Roger_Federer,252,2,2,0,1,30-30,41,0,0,,1,2,MC,6s39f3s2f1r1n#,,,6s39f3s2f1r1n#,,0,,6s39f3s2f1r1n#,,1,,1,0,6,,s39f3s2f1r1n#,0,0,0,1,0,0,s39f3s2f1r1n,s39f3s2f1r1,sfsfr,5,1,1,40-30,0,0,1,0,2,2,,,5
20180128-M-Australian_Open-F-Marin_Cilic-Roger_Federer,253,2,2,0,1,40-30,41,0,0,,1,2,MC,4b29f3w#,,,4b29f3w#,,0,,4b29f3w#,,1,,1,0,4,,b29f3w#,0,0,0,1,0,0,b29f3w,b29f3,bf,2,2,0,40-40,0,0,1,0,2,2,,,2
20180128-M-Australian_Open-F-Marin_Cilic-Roger_Federer,254,2,2,0,1,40-40,41,0,0,,1,2,MC,6n,5d,Federer proves the line umpire wrong this time with an eagle-eyed challenge.,6n,5d,0,0,6n,5d,0,0,0,0,6n,5d,,0,0,0,0,0,1,,,,0,2,0,40-AD,0,0,1,0,2,2,,,0
20180128-M-Australian_Open-F-Marin_Cilic-Roger_Federer,255,2,2,0,1,40-AD,41,0,0,,1,2,MC,4b39f3n@,,Cilic tried to run around and attack but the return was too deep for that.,4b39f3n@,,0,,4b39f3n@,,1,,1,0,4,,b39f3n@,0,0,0,0,1,0,b39f3n,b39f3,bf,2,2,0,GM,2,0,2,0,2,2,,,2
20180128-M-Australian_Open-F-Marin_Cilic-Roger_Federer,256,2,2,0,2,0-0,42,0,0,,2,1,RF,6b28f1f2f1f3s3b1r3#,,,6b28f1f2f1f3s3b1r3#,,0,,6b28f1f2f1f3s3b1r3#,,1,,1,0,6,,b28f1f2f1f3s3b1r3#,0,0,0,1,0,0,b28f1f2f1f3s3b1r3,b28f1f2f1f3s3b1r3,bffffsbr,8,1,0,0-15,0,0,2,0,2,2,,,8
20180128-M-Australian_Open-F-Marin_Cilic-Roger_Federer,257,2,2,0,2,0-15,42,0,0,,2,1,RF,c4n,4b39f3b3s3f3b3s3n@,,4n,4b39f3b3s3f3b3s3n@,0,0,4n,4b39f3b3s3f3b3s3n@,0,1,0,1,4n,4,b39f3b3s3f3b3s3n@,0,0,0,0,1,0,b39f3b3s3f3b3s3n,b39f3b3s3f3b3s3,bfbsfbs,7,2,1,15-15,0,0,2,0,2,2,,,7
20180128-M-Australian_Open-F-Marin_Cilic-Roger_Federer,258,2,2,0,2,15-15,42,0,0,,2,1,RF,4*,,,4*,,0,,4*,,1,,0,0,4*,,,1,0,0,0,0,0,,,,0,2,1,30-15,0,0,2,0,2,2,,,1
20180128-M-Australian_Open-F-Marin_Cilic-Roger_Federer,259,2,2,0,2,30-15,42,0,0,,2,1,RF,5f37y+1r-3*,,,5f37y+1r-3*,,0,,5f37y+1r-3*,,1,,1,0,5,,f37y+1r-3*,0,0,1,0,0,0,f37y1r3,f37y1r3,fyr,3,1,0,30-30,0,0,2,0,2,2,,,4
20180128-M-Australian_Open-F-Marin_Cilic-Roger_Federer,260,2,2,0,2,30-30,42,0,0,,2,1,RF,4w,5b3w@,Federer serves a slow kicker but Cilic seems overwhelmed with the multitude of options and pushes it out.,4w,5b3w@,0,0,4w,5b3w@,0,1,0,1,4w,5,b3w@,0,0,0,0,1,0,b3w,b3,b,1,2,1,40-30,0,0,2,0,2,2,,,1
20180128-M-Australian_Open-F-Marin_Cilic-Roger_Federer,261,2,2,0,2,40-30,42,0,0,,2,1,RF,4w,6f28f2f1f1d@,,4w,6f28f2f1f1d@,0,0,4w,6f28f2f1f1d@,0,1,0,1,4w,6,f28f2f1f1d@,0,0,0,0,1,0,f28f2f1f1d,f28f2f1f1,ffff,4,1,0,40-40,0,0,2,0,2,2,,,4
20180128-M-Australian_Open-F-Marin_Cilic-Roger_Federer,262,2,2,0,2,40-40,42,0,0,,2,1,RF,6s2d#,,"A really guttural ""come on!"" by Fed it's like a roar.",6s2d#,,0,,6s2d#,,1,,1,0,6,,s2d#,0,0,0,1,0,0,s2d,s2,s,1,2,1,AD-40,0,0,2,0,2,2,,,1
20180128-M-Australian_Open-F-Marin_Cilic-Roger_Federer,263,2,2,0,2,AD-40,42,0,0,,2,1,RF,6f27f3b2f1f1w@,,Although now in a winning position Federer is quite rattled. Had some talk with the umpires during the changeover.,6f27f3b2f1f1w@,,0,,6f27f3b2f1f1w@,,1,,1,0,6,,f27f3b2f1f1w@,0,0,0,0,1,0,f27f3b2f1f1w,f27f3b2f1f1,ffbff,5,2,1,GM,2,0,3,0,2,2,,,5
20180128-M-Australian_Open-F-Marin_Cilic-Roger_Federer,264,2,2,0,3,0-0,43,0,0,,1,2,MC,6d,6b1n#,"Federer annoyed with Garner on the changeover asking him to be proactive and tell when the new balls are to be introduced. ""I'm 3-0 in the 5th man."" Interestingly I read Garner was the chair umpire at the USO 2009 final - remember the hilarious ""when I talk I talk"".",6d,6b1n#,0,0,6d,6b1n#,0,1,0,1,6d,6,b1n#,0,0,0,1,0,0,b1n,b1,b,1,1,1,15-0,0,0,3,0,2,2,,,1
20180128-M-Australian_Open-F-Marin_Cilic-Roger_Federer,265,2,2,0,3,15-0,43,0,0,,1,2,MC,6*,,,6*,,0,,6*,,1,,0,0,6*,,,1,0,0,0,0,0,,,,0,1,1,30-0,0,0,3,0,2,2,,,1
20180128-M-Australian_Open-F-Marin_Cilic-Roger_Federer,266,2,2,0,3,30-0,43,0,0,,1,2,MC,4f1n#,,,4f1n#,,0,,4f1n#,,1,,1,0,4,,f1n#,0,0,0,1,0,0,f1n,f1,f,1,1,1,40-0,0,0,3,0,2,2,,,1
20180128-M-Australian_Open-F-Marin_Cilic-Roger_Federer,267,2,2,0,3,40-0,43,0,0,,1,2,MC,6*,,,6*,,0,,6*,,1,,0,0,6*,,,1,0,0,0,0,0,,,,0,1,1,GM,1,1,3,0,2,2,,,1
20180128-M-Australian_Open-F-Marin_Cilic-Roger_Federer,268,2,2,1,3,0-0,44,0,0,,2,1,RF,6b37f3b1n@,,,6b37f3b1n@,,0,,6b37f3b1n@,,1,,1,0,6,,b37f3b1n@,0,0,0,0,1,0,b37f3b1n,b37f3b1,bfb,3,2,1,15-0,0,1,3,0,2,2,,,3
20180128-M-Australian_Open-F-Marin_Cilic-Roger_Federer,269,2,2,1,3,15-0,44,0,0,,2,1,RF,6w,5f2n#,,6w,5f2n#,0,0,6w,5f2n#,0,1,0,1,6w,5,f2n#,0,0,0,1,0,0,f2n,f2,f,1,2,1,30-0,0,1,3,0,2,2,,,1
20180128-M-Australian_Open-F-Marin_Cilic-Roger_Federer,270,2,2,1,3,30-0,44,0,0,,2,1,RF,6*,,,6*,,0,,6*,,1,,0,0,6*,,,1,0,0,0,0,0,,,,0,2,1,40-0,0,1,3,0,2,2,,,1
20180128-M-Australian_Open-F-Marin_Cilic-Roger_Federer,271,2,2,1,3,40-0,44,0,0,,2,1,RF,4s3#,,,4s3#,,0,,4s3#,,1,,1,0,4,,s3#,0,0,0,1,0,0,s3,s3,s,1,2,1,GM,2,1,4,0,2,2,,,1
20180128-M-Australian_Open-F-Marin_Cilic-Roger_Federer,272,2,2,1,4,0-0,45,0,0,,1,2,MC,4f39b2b3b2f1f2f3s3w#,,,4f39b2b3b2f1f2f3s3w#,,0,,4f39b2b3b2f1f2f3s3w#,,1,,1,0,4,,f39b2b3b2f1f2f3s3w#,0,0,0,1,0,0,f39b2b3b2f1f2f3s3w,f39b2b3b2f1f2f3s3,fbbbfffs,8,2,0,0-15,0,1,4,0,2,2,,,8
20180128-M-Australian_Open-F-Marin_Cilic-Roger_Federer,273,2,2,1,4,0-15,45,0,0,,1,2,MC,4s38b;+1n@,,By this point Cilic is overcome by frustration. A racuous fifth set could save the match despite its share of errors instead it was a quick and - dare I say - dull ending.,4s38b;+1n@,,0,,4s38b;+1n@,,1,,1,0,4,,s38b;+1n@,0,0,0,0,1,0,s38b1n,s38b1,sb,2,2,0,0-30,0,1,4,0,2,2,,,2
20180128-M-Australian_Open-F-Marin_Cilic-Roger_Federer,274,2,2,1,4,0-30,45,0,0,,1,2,MC,6s2d#,,,6s2d#,,0,,6s2d#,,1,,1,0,6,,s2d#,0,0,0,1,0,0,s2d,s2,s,1,1,1,15-30,0,1,4,0,2,2,,,1
20180128-M-Australian_Open-F-Marin_Cilic-Roger_Federer,275,2,2,1,4,15-30,45,0,0,,1,2,MC,6w,4s38b3b3b3b3b3w@,Wasted challenge by Cilic.,6w,4s38b3b3b3b3b3w@,0,0,6w,4s38b3b3b3b3b3w@,0,1,0,1,6w,4,s38b3b3b3b3b3w@,0,0,0,0,1,0,s38b3b3b3b3b3w,s38b3b3b3b3b3,sbbbbb,6,2,0,15-40,0,1,4,0,2,2,,,6
20180128-M-Australian_Open-F-Marin_Cilic-Roger_Federer,276,2,2,1,4,15-40,45,0,0,,1,2,MC,c5s29f1f2f3s3f1n@,,,5s29f1f2f3s3f1n@,,0,,5s29f1f2f3s3f1n@,,1,,1,0,5,,s29f1f2f3s3f1n@,0,0,0,0,1,0,s29f1f2f3s3f1n,s29f1f2f3s3f1,sfffsf,6,2,0,GM,2,1,5,0,2,2,,,6
20180128-M-Australian_Open-F-Marin_Cilic-Roger_Federer,277,2,2,1,5,0-0,46,0,0,,2,1,RF,4*,,,4*,,0,,4*,,1,,0,0,4*,,,1,0,0,0,0,0,,,,0,2,1,15-0,0,1,5,0,2,2,,,1
20180128-M-Australian_Open-F-Marin_Cilic-Roger_Federer,278,2,2,1,5,15-0,46,0,0,,2,1,RF,6d,6f3w#,,6d,6f3w#,0,0,6d,6f3w#,0,1,0,1,6d,6,f3w#,0,0,0,1,0,0,f3w,f3,f,1,2,1,30-0,0,1,5,0,2,2,,,1
20180128-M-Australian_Open-F-Marin_Cilic-Roger_Federer,279,2,2,1,5,30-0,46,0,0,,2,1,RF,6x,6b28f1f1x#,Nice forehand near the line.,6x,6b28f1f1x#,0,0,6x,6b28f1f1x#,0,1,0,1,6x,6,b28f1f1x#,0,0,0,1,0,0,b28f1f1x,b28f1f1,bff,3,2,1,40-0,0,1,5,0,2,2,,,3
20180128-M-Australian_Open-F-Marin_Cilic-Roger_Federer,280,2,2,1,5,40-0,46,0,0,,2,1,RF,4w,4#,Federer is teary-eyed and relieved after winning the titleÉ but wait Cilic is challenging Roger hands on the knees a hysterical smile - he can't believe the match point challenge happened AGAIN! Not a bad challenge by any means either but of course the super kick serve was millimeter-perfect and that's the match. ,4w,4#,0,0,4w,4#,0,1,0,0,4w,4#,,0,1,0,0,0,0,,,,0,2,1,GM,2,1,6,2,2,3,,,1
